Type of championship,Frist team,Secend team,Match time,Score,Date
الدوري المصري,الداخلية,الاتحاد السكندري,16:00,0 - 1,2024-01-01
الدوري المصري,المصري,الإسماعيلي,19:00,1 - 1,2024-01-01
الدوري الإنجليزي,ليفربول,نيوكاسل,22:00,4 - 2,2024-01-01
الدوري الإنجليزي,وست هام يونايتد,برايتون,21:30,0 - 0,2024-01-02
الدوري الإسباني,خيتافي,رايو فاييكانو,18:00,0 - 2,2024-01-02
الدوري الإسباني,ريال سوسيداد,ألافيس,20:15,1 - 1,2024-01-02
الدوري الإسباني,فالنسيا,فياريال,22:30,3 - 1,2024-01-02
كأس إيطاليا,ميلان,كالياري,22:00,4 - 1,2024-01-02
دوري القسم الثاني-أ,دكرنس,النجوم,14:30,3 - 2,2024-01-02
دوري القسم الثاني-أ,حرس الحدود,بروكسي,14:30,1 - 1,2024-01-02
دوري القسم الثاني-أ,المصرية للاتصالات,السكة الحديد,14:30,2 - 4,2024-01-02
دوري القسم الثاني-أ,القناة,راية الرياضي,14:30,0 - 0,2024-01-02
الدوري الإسباني,غرناطه,قادش,18:00,2 - 0,2024-01-03
الدوري الإسباني,سيلتا فيجو,ريال بيتيس,20:15,2 - 1,2024-01-03
الدوري الإسباني,ريال مدريد,مايوركا,20:15,1 - 0,2024-01-03
الدوري الإسباني,جيرونا,اتلتيكو مدريد,22:30,4 - 3,2024-01-03
كأس إيطاليا,أتالانتا,ساسولو,19:00,3 - 1,2024-01-03
كأس إيطاليا,روما,كريمونيسي,22:00,2 - 1,2024-01-03
الدوري المغربي,الوداد البيضاوي,الرجاء البيضاوي,17:00,0 - 2,2024-01-03
الدوري المغربي,مولودية وجدة,الفتح الرباطي,19:00,2 - 1,2024-01-03
الدوري المغربي,المغرب الفاسي,شباب المحمدية,21:00,2 - 1,2024-01-03
الدوري المغربي,اتحاد طنجة,نهضة الزمامرة,21:00,1 - 1,2024-01-03
دوري القسم الثاني-أ,مكادي,وادي دجلة,14:30,0 - 0,2024-01-03
دوري القسم الثاني-أ,بترول أسيوط,مصر المقاصة,14:30,3 - 2,2024-01-03
دوري القسم الثاني-أ,لافيينا أف سي,أبو قير للاسمدة,14:30,0 - 0,2024-01-03
دوري القسم الثاني-أ,جمهورية شبين,بتروجيت,14:30,0 - 1,2024-01-03
دوري القسم الثاني-أ,أسوان,طنطا‏,14:30,1 - 3,2024-01-03
دوري القسم الثاني-أ,غزل المحلة,النصر للتعدين,17:00,1 - 0,2024-01-03
الدوري التونسي,إتحاد بن قردان,قوافل قفصة,15:00,5 - 0,2024-01-03
الدوري التونسي,الصفاقســــي,الإتحاد المنستيري,15:00,0 - 0,2024-01-03
الدوري التونسي,الترجى الرياضي,البنزرتي,15:00,1 - 1,2024-01-03
الدوري التونسي,النجم الرياضي بالمتلوي,مستقبل المرسى,15:00,0 - 1,2024-01-03
الدوري التونسي,الأولمبي الباجي,الافريقي التونسي,15:00,0 - 1,2024-01-03
الدوري التونسي,سليمان الرياضي,النجم الساحلى,15:00,1 - 2,2024-01-03
كأس الاتحاد الإنجليزي,كريستال بالاس,ايفرتون,22:00,0 - 0,2024-01-04
الدوري الإسباني,أوساسونا,الميريا,18:00,1 - 0,2024-01-04
الدوري الإسباني,اشبيلية,أتلتيك بلباو,20:15,0 - 2,2024-01-04
الدوري الإسباني,لاس بالماس,برشلونة,22:30,1 - 2,2024-01-04
كأس إيطاليا,يوفنتوس,ساليرنيتانا,22:00,6 - 1,2024-01-04
مباريات ودية - منتخبات,مصر,هولندا- كرة يد,18:45,30 - 28,2024-01-04
الدوري المغربي,الاتحاد التوركي,أولمبيك آسفي,17:00,1 - 0,2024-01-04
الدوري المغربي,يوسفية برشيد,حسنية اغادير,19:00,1 - 2,2024-01-04
الدوري المغربي,نهضة بركان,الشباب الرياضي السالمي,19:00,3 - 1,2024-01-04
الدوري المغربي,الجيش الملكي,المغرب التطواني,21:00,3 - 0,2024-01-04
كأس الاتحاد الإنجليزي,برينتفورد,وولفرهامبتون,21:15,0 - 0,2024-01-05
كأس الاتحاد الإنجليزي,فولهام,روثيرهام يونايتد,21:30,1 - 0,2024-01-05
كأس الاتحاد الإنجليزي,توتنهام هوتسبر,بيرنلي,22:00,1 - 0,2024-01-05
مباريات ودية - منتخبات,قطر,الأردن,18:00,1 - 2,2024-01-05
كأس فرنسا,باو,نانت,19:00,1 - 4,2024-01-05
الدوري الإيطالي,بولونيا,جنوى,21:45,1 - 1,2024-01-05
الدوري التركي,غازي عنتاب بي.بي.كي,بينديكسبور,16:00,2 - 2,2024-01-05
الدوري التركي,انطاليا سبور,ألانيا سبور,19:00,0 - 0,2024-01-05
الدوري التركي,بشكتاش,قاسم باشا,19:00,1 - 3,2024-01-05
الدوري البرتغالي,سبورتينج لشبونة,إستوريل,20:45,5 - 1,2024-01-05
الدوري البرتغالي,بوافيستا,بورتو,22:45,1 - 1,2024-01-05
كأس الاتحاد الإنجليزي,ويمبلدون,إبسويتش تاون,14:30,1 - 3,2024-01-06
كأس الاتحاد الإنجليزي,ميلوول,ليستر سيتي,14:30,2 - 3,2024-01-06
كأس الاتحاد الإنجليزي,كوفنتري سيتي,اوكسفورد,14:30,6 - 2,2024-01-06
كأس الاتحاد الإنجليزي,ميدستون يونايتد,ستيفيناج بوروه,14:30,1 - 0,2024-01-06
كأس الاتحاد الإنجليزي,سندرلاند,نيوكاسل,14:45,0 - 3,2024-01-06
كأس الاتحاد الإنجليزي,ستوك سيتي,برايتون,17:00,2 - 4,2024-01-06
كأس الاتحاد الإنجليزي,نورويتش سيتي,بريستول روفرز,17:00,1 - 1,2024-01-06
كأس الاتحاد الإنجليزي,ساوثامبتون,والسول,17:00,4 - 0,2024-01-06
كأس الاتحاد الإنجليزي,واتفورد,تشيسترفيلد,17:00,2 - 1,2024-01-06
كأس الاتحاد الإنجليزي,بلاكبيـرن  روفرز,كامبريدج يونايتد,17:00,5 - 2,2024-01-06
كأس الاتحاد الإنجليزي,ك.ب. رينجرز,بورنموث,17:00,2 - 3,2024-01-06
كأس الاتحاد الإنجليزي,بلايموث أرجايل,سوتون يونايتد,17:00,3 - 1,2024-01-06
كأس الاتحاد الإنجليزي,نيوبورت كاونتى,إيستليج,17:00,1 - 1,2024-01-06
كأس الاتحاد الإنجليزي,هال سيتي,بيرمنجهام,17:00,1 - 1,2024-01-06
كأس الاتحاد الإنجليزي,جيلينجهام,شيفيلد يونايتد,17:00,0 - 4,2024-01-06
كأس الاتحاد الإنجليزي,شيفيلد وينزداي,كارديف سيتي,19:30,4 - 0,2024-01-06
كأس الاتحاد الإنجليزي,ميدلسبره,أستون فيلا,19:30,0 - 1,2024-01-06
كأس الاتحاد الإنجليزي,سوانزي سيتي,موركامب,19:30,2 - 0,2024-01-06
كأس الاتحاد الإنجليزي,تشيلسي,بريستون نورث,19:30,4 - 0,2024-01-06
كأس ملك أسبانيا,ديبورتيفو لوجو,اتلتيكو مدريد,17:00,1 - 3,2024-01-06
كأس ملك أسبانيا,إلتشي,جيرونا,19:00,0 - 2,2024-01-06
كأس ملك أسبانيا,أراندينا,ريال مدريد,22:30,1 - 3,2024-01-06
مباريات ودية - منتخبات,العراق,كوريا الجنوبية,15:00,0 - 1,2024-01-06
مباريات ودية - منتخبات,البـــحرين,أستراليا,16:00,0 - 2,2024-01-06
مباريات ودية - منتخبات,موزمبيق,ليسوتو,16:00,2 - 0,2024-01-06
مباريات ودية - منتخبات,مصر,الدنمارك - كرة يد,17:00,31 - 34,2024-01-06
مباريات ودية - منتخبات,الإمارات,عمان,17:15,0 - 1,2024-01-06
مباريات ودية - منتخبات,كوت ديفوار,سيراليون,19:00,5 - 1,2024-01-06
مباريات ودية - منتخبات,تونس,موريتانيا,20:30,0 - 0,2024-01-06
مباريات ودية - منتخبات,مالي,غينيا بيساو,21:00,6 - 2,2024-01-06
الدوري الإيطالي,إنتر ميلان,هيلاس فيرونا,13:30,2 - 1,2024-01-06
الدوري الإيطالي,فروزينوني,مونزا,16:00,2 - 3,2024-01-06
الدوري الإيطالي,ليتشي,كالياري,19:00,1 - 1,2024-01-06
الدوري الإيطالي,ساسولو,فيورنتينا,21:45,1 - 0,2024-01-06
الدوري المغربي,الرجاء البيضاوي,مولودية وجدة,19:00,2 - 0,2024-01-06
الدوري المغربي,شباب المحمدية,اتحاد طنجة,21:00,1 - 0,2024-01-06
الدوري التركي,ريزه سبور,هاتاي سبور,12:30,2 - 0,2024-01-06
الدوري التركي,إسطنبول باشاكشهير,أضنة دمير سبور,15:00,0 - 0,2024-01-06
الدوري التركي,أنقرة جوتشو,طرابزون سبور,18:00,0 - 1,2024-01-06
الدوري التركي,سامسون سبور,فاتح كاراجومروك,18:00,1 - 0,2024-01-06
الدوري البرتغالي,إستريلا,فيزيلا,17:30,1 - 1,2024-01-06
الدوري البرتغالي,فيرنسي,جل فيسنتي,17:30,1 - 0,2024-01-06
الدوري البرتغالي,أروكا,بنفيكا,20:00,0 - 3,2024-01-06
الدوري البرتغالي,سبورتينج براجا,فيتوريا جيماريش,22:30,1 - 1,2024-01-06
كأس الاتحاد الإنجليزي,لوتون تاون,بولتون واندررز,16:00,0 - 0,2024-01-07
كأس الاتحاد الإنجليزي,بيتربورو يونايتد,ليدز يونايتد,16:00,0 - 3,2024-01-07
كأس الاتحاد الإنجليزي,نوتينجهام فورست,بلاكبول,16:00,2 - 2,2024-01-07
كأس الاتحاد الإنجليزي,مانشستر سيتي,هدرسفيلد تاون,16:00,5 - 0,2024-01-07
كأس الاتحاد الإنجليزي,شروزبري تاون,ريكسهام,16:00,0 - 1,2024-01-07
كأس الاتحاد الإنجليزي,وست هام يونايتد,بريستول سيتي,16:00,1 - 1,2024-01-07
كأس الاتحاد الإنجليزي,وست بروميتش,ألدرشوت تاون,16:00,4 - 1,2024-01-07
كأس الاتحاد الإنجليزي,أرسنال,ليفربول,18:30,0 - 2,2024-01-07
كأس ملك أسبانيا,بارباسترو,برشلونة,22:00,2 - 3,2024-01-07
مباريات ودية - منتخبات,مصر,النرويج - كرة يد,14:30,28 - 23,2024-01-07
مباريات ودية - منتخبات,مصر,تنزانيا,18:00,2 - 0,2024-01-07
كأس فرنسا,يو إس ريفيل,باريس سان جيرمان,21:45,0 - 9,2024-01-07
الدوري الإيطالي,إمبولي,ميلان,13:30,0 - 3,2024-01-07
الدوري الإيطالي,تورينو,نابولي,16:00,3 - 0,2024-01-07
الدوري الإيطالي,أودينيزي,لاتسيو,16:00,1 - 2,2024-01-07
الدوري الإيطالي,ساليرنيتانا,يوفنتوس,19:00,1 - 2,2024-01-07
الدوري الإيطالي,روما,أتالانتا,21:45,1 - 1,2024-01-07
الدوري المغربي,نهضة الزمامرة,نهضة بركان,17:00,2 - 1,2024-01-07
الدوري المغربي,حسنية اغادير,الاتحاد التوركي,17:00,3 - 2,2024-01-07
الدوري المغربي,المغرب التطواني,الوداد البيضاوي,19:00,0 - 0,2024-01-07
الدوري المغربي,أولمبيك آسفي,المغرب الفاسي,21:00,1 - 1,2024-01-07
الدوري التركي,قيصري سبور,سيفاسبور,12:30,1 - 3,2024-01-07
الدوري التركي,إسطنبول سبور,فنربخشة,15:00,1 - 5,2024-01-07
الدوري التركي,جالاتا سراي,قونيا سبور,18:00,3 - 0,2024-01-07
الدوري البرتغالي,ريو آفي,بورتيمونينسي,20:00,2 - 0,2024-01-07
الدوري البرتغالي,فاماليكاو,شافيش,22:30,2 - 2,2024-01-07
كأس الاتحاد الإنجليزي,ويجان أتلتيك,مانشستر يونايتد,22:15,0 - 2,2024-01-08
كأس رابطة الأندية المحترفة,بلدية المحلة,سموحة,15:00,1 - 0,2024-01-08
كأس رابطة الأندية المحترفة,الداخلية,الإسماعيلي,15:00,1 - 0,2024-01-08
كأس رابطة الأندية المحترفة,مودرن فيوتشر,الاتحاد السكندري,17:00,0 - 1,2024-01-08
مباريات ودية - منتخبات,غينيا,نيجيريا,15:00,2 - 0,2024-01-08
مباريات ودية - منتخبات,موزمبيق,بوتسوانا,16:45,1 - 1,2024-01-08
مباريات ودية - منتخبات,السنغال,النيجر,20:00,1 - 0,2024-01-08
مباريات ودية - منتخبات,غانـــا,ناميبيا,22:00,0 - 0,2024-01-08
الدوري المغربي,الشباب الرياضي السالمي,يوسفية برشيد,17:00,3 - 1,2024-01-08
الدوري المغربي,الفتح الرباطي,الجيش الملكي,19:00,1 - 4,2024-01-08
دوري القسم الثاني-أ,النجوم,جمهورية شبين,14:00,1 - 1,2024-01-08
دوري القسم الثاني-أ,راية الرياضي,بترول أسيوط,14:30,1 - 1,2024-01-08
دوري القسم الثاني-أ,النصر للتعدين,المصرية للاتصالات,14:30,0 - 1,2024-01-08
دوري القسم الثاني-أ,مصر المقاصة,لافيينا أف سي,14:30,0 - 3,2024-01-08
الدوري البرتغالي,موريرنسي,كازا بيا,22:15,1 - 4,2024-01-08
كأس رابطة الأندية المحترفة,زد,طلائع الجيش,15:00,0 - 1,2024-01-09
كأس رابطة الأندية المحترفة,المصري,المقاولون العرب,17:00,1 - 0,2024-01-09
كأس إيطاليا,فيورنتينا,بولونيا,22:00,0 - 0,2024-01-09
مباريات ودية - منتخبات,اليــــابان,الأردن,13:00,6 - 1,2024-01-09
مباريات ودية - منتخبات,زامبيا,الكاميرون,15:00,1 - 1,2024-01-09
مباريات ودية - منتخبات,بوروندي,الجزائر,17:00,0 - 4,2024-01-09
مباريات ودية - منتخبات,فلسطين,السعودية,17:30,0 - 0,2024-01-09
دوري القسم الثاني-أ,طنطا‏,القناة,14:30,1 - 0,2024-01-09
دوري القسم الثاني-أ,بروكسي,غزل المحلة,14:30,2 - 2,2024-01-09
دوري القسم الثاني-أ,السكة الحديد,مكادي,14:30,1 - 1,2024-01-09
دوري القسم الثاني-أ,أبو قير للاسمدة,دكرنس,14:30,0 - 0,2024-01-09
الدوري التركي,بينديكسبور,انطاليا سبور,16:00,0 - 1,2024-01-09
الدوري التركي,ألانيا سبور,أنقرة جوتشو,16:00,1 - 1,2024-01-09
الدوري التركي,قاسم باشا,إسطنبول باشاكشهير,19:00,0 - 3,2024-01-09
الدوري التركي,ريزه سبور,بشكتاش,19:00,0 - 4,2024-01-09
كأس رابطة الأندية المحترفة,الجونة,البنك الاهلي,15:00,3 - 1,2024-01-10
كأس رابطة الأندية المحترفة,بيراميدز,فاركو,17:00,2 - 2,2024-01-10
كأس رابطة الأندية المحترفة,سيراميكا كليوباترا,إنبي,17:00,2 - 0,2024-01-10
كأس إيطاليا,لاتسيو,روما,19:00,1 - 0,2024-01-10
كأس إيطاليا,ميلان,أتالانتا,22:00,1 - 2,2024-01-10
مباريات ودية - منتخبات,جنوب أفريقيا,ليسوتو,15:00,0 - 0,2024-01-10
مباريات ودية - منتخبات,السعودية,هونج كونج,17:30,2 - 0,2024-01-10
مباريات ودية - منتخبات,تونس,كاب فيردي,19:30,2 - 0,2024-01-10
دوري القسم الثاني-أ,وادي دجلة,أسوان,14:30,2 - 0,2024-01-10
دوري القسم الثاني-أ,بتروجيت,حرس الحدود,14:30,4 - 0,2024-01-10
الدوري التركي,هاتاي سبور,غازي عنتاب بي.بي.كي,16:00,0 - 0,2024-01-10
الدوري التركي,فاتح كاراجومروك,قيصري سبور,16:00,4 - 1,2024-01-10
الدوري التركي,أضنة دمير سبور,إسطنبول سبور,19:00,2 - 2,2024-01-10
الدوري التركي,فنربخشة,قونيا سبور,19:00,7 - 1,2024-01-10
كأس إيطاليا,يوفنتوس,فروزينوني,22:00,4 - 0,2024-01-11
مباريات ودية - منتخبات,المغرب,سيراليون,19:00,3 - 1,2024-01-11
الدوري المغربي,الوداد البيضاوي,المغرب الفاسي,19:00,1 - 1,2024-01-11
الدوري التركي,سيفاسبور,جالاتا سراي,16:00,1 - 1,2024-01-11
الدوري التركي,طرابزون سبور,سامسون سبور,19:00,2 - 1,2024-01-11
الدوري الإنجليزي,بيرنلي,لوتون تاون,21:45,1 - 1,2024-01-12
الدوري الإسباني,اشبيلية,ألافيس,22:00,2 - 3,2024-01-12
الدوري الألماني,بايرن ميونيخ,هوفنهايم,21:30,3 - 0,2024-01-12
الدوري الفرنسي,مارسيليا,ستراسبورج,22:00,1 - 1,2024-01-12
الدوري البرتغالي,بورتيمونينسي,فيرنسي,22:15,1 - 0,2024-01-12
كأس الأمم الأفريقية,كوت ديفوار,غينيا بيساو,22:00,2 - 0,2024-01-13
الدوري الإنجليزي,تشيلسي,فولهام,14:30,1 - 0,2024-01-13
الدوري الإنجليزي,نيوكاسل,مانشستر سيتي,19:30,2 - 3,2024-01-13
الدوري الإسباني,لاس بالماس,فياريال,15:00,3 - 0,2024-01-13
الدوري الإسباني,مايوركا,سيلتا فيجو,17:15,1 - 1,2024-01-13
الدوري الإسباني,أتلتيك بلباو,ريال سوسيداد,19:30,2 - 1,2024-01-13
الدوري الإسباني,ريال بيتيس,غرناطه,22:00,1 - 0,2024-01-13
الدوري الإيطالي,جنوى,تورينو,16:00,0 - 0,2024-01-13
الدوري الإيطالي,نابولي,ساليرنيتانا,16:00,2 - 1,2024-01-13
الدوري الإيطالي,هيلاس فيرونا,إمبولي,19:00,2 - 1,2024-01-13
الدوري الإيطالي,مونزا,إنتر ميلان,21:45,1 - 5,2024-01-13
الدوري الألماني,لايبزيج,آ. فرانكفورت,16:30,0 - 1,2024-01-13
الدوري الألماني,فرايبورج,يونيون برلين,16:30,0 - 0,2024-01-13
الدوري الألماني,كولن,هايدنهايم,16:30,1 - 1,2024-01-13
الدوري الألماني,ماينز,فولفسبورج,16:30,1 - 1,2024-01-13
الدوري الألماني,أوجسبورج,باير ليفركوزن,16:30,0 - 1,2024-01-13
الدوري الألماني,دارمشتات,بروسيا دورتموند,19:30,0 - 3,2024-01-13
الدوري الفرنسي,موناكو,ريمس,18:00,1 - 3,2024-01-13
الدوري الفرنسي,رين,نيس,22:00,2 - 0,2024-01-13
الدوري التركي,أنقرة جوتشو,قاسم باشا,12:30,3 - 1,2024-01-13
الدوري التركي,هاتاي سبور,بينديكسبور,12:30,1 - 1,2024-01-13
الدوري التركي,إسطنبول باشاكشهير,ألانيا سبور,15:00,3 - 2,2024-01-13
الدوري التركي,ريزه سبور,أضنة دمير سبور,18:00,1 - 0,2024-01-13
الدوري التركي,بشكتاش,فاتح كاراجومروك,18:00,3 - 0,2024-01-13
الدوري البرتغالي,كازا بيا,فاماليكاو,17:30,0 - 2,2024-01-13
الدوري البرتغالي,شافيش,سبورتينج لشبونة,20:00,0 - 3,2024-01-13
الدوري البرتغالي,إستوريل,موريرنسي,22:30,1 - 3,2024-01-13
كأس الأمم الأفريقية,نيجيريا,غينيا الاستوائية,16:00,1 - 1,2024-01-14
كأس الأمم الأفريقية,مصر,موزمبيق,19:00,2 - 2,2024-01-14
كأس الأمم الأفريقية,غانـــا,كاب فيردي,22:00,1 - 2,2024-01-14
الدوري الإنجليزي,ايفرتون,أستون فيلا,16:00,0 - 0,2024-01-14
الدوري الإنجليزي,مانشستر يونايتد,توتنهام هوتسبر,18:30,2 - 2,2024-01-14
الدوري الإسباني,الميريا,جيرونا,15:00,0 - 0,2024-01-14
الدوري الإسباني,قادش,فالنسيا,17:15,1 - 4,2024-01-14
الدوري الإيطالي,لاتسيو,ليتشي,13:30,1 - 0,2024-01-14
الدوري الإيطالي,كالياري,بولونيا,16:00,2 - 1,2024-01-14
الدوري الإيطالي,فيورنتينا,أودينيزي,19:00,2 - 2,2024-01-14
الدوري الإيطالي,ميلان,روما,21:45,3 - 1,2024-01-14
الدوري الألماني,بوخوم,فيردر بريمن,16:30,1 - 1,2024-01-14
الدوري الألماني,مونشنجلادباخ,شتوتجارت,18:30,3 - 1,2024-01-14
الدوري الفرنسي,ليل,لوريان,14:00,3 - 0,2024-01-14
الدوري الفرنسي,بريست,مونبيليه,16:00,2 - 0,2024-01-14
الدوري الفرنسي,ميتز,تولوز,16:00,0 - 1,2024-01-14
الدوري الفرنسي,نانت,كليرمونت,16:00,1 - 2,2024-01-14
الدوري الفرنسي,لوهافر,ليون,18:05,3 - 1,2024-01-14
الدوري الفرنسي,لانس,باريس سان جيرمان,21:45,0 - 2,2024-01-14
الدوري التركي,إسطنبول سبور,قونيا سبور,12:30,0 - 0,2024-01-14
الدوري التركي,سامسون سبور,سيفاسبور,15:00,2 - 0,2024-01-14
الدوري التركي,انطاليا سبور,طرابزون سبور,15:00,1 - 1,2024-01-14
الدوري التركي,غازي عنتاب بي.بي.كي,فنربخشة,18:00,0 - 1,2024-01-14
الدوري البرتغالي,جل فيسنتي,إستريلا,17:30,1 - 1,2024-01-14
الدوري البرتغالي,فيزيلا,بوافيستا,20:00,1 - 4,2024-01-14
الدوري البرتغالي,بنفيكا,ريو آفي,20:00,4 - 1,2024-01-14
الدوري البرتغالي,بورتو,سبورتينج براجا,22:30,2 - 0,2024-01-14
كأس الأمم الأفريقية,السنغال,جامبيا,16:00,3 - 0,2024-01-15
كأس الأمم الأفريقية,الكاميرون,غينيا,19:00,1 - 1,2024-01-15
كأس الأمم الأفريقية,الجزائر,أنجـــــولا,22:00,1 - 1,2024-01-15
كأس رابطة الأندية المحترفة,المقاولون العرب,الجونة,15:00,1 - 1,2024-01-15
كأس رابطة الأندية المحترفة,الاتحاد السكندري,بلدية المحلة,17:00,1 - 0,2024-01-15
الدوري الإيطالي,أتالانتا,فروزينوني,21:45,5 - 0,2024-01-15
دوري القسم الثاني-أ,جمهورية شبين,دكرنس,14:00,2 - 1,2024-01-15
دوري القسم الثاني-أ,حرس الحدود,النجوم,14:00,1 - 0,2024-01-15
دوري القسم الثاني-أ,غزل المحلة,بتروجيت,14:00,1 - 1,2024-01-15
دوري القسم الثاني-أ,المصرية للاتصالات,بروكسي,14:00,0 - 0,2024-01-15
دوري القسم الثاني-أ,مكادي,النصر للتعدين,14:00,0 - 0,2024-01-15
دوري القسم الثاني-أ,أسوان,السكة الحديد,14:00,1 - 0,2024-01-15
دوري القسم الثاني-أ,القناة,وادي دجلة,14:00,0 - 2,2024-01-15
دوري القسم الثاني-أ,بترول أسيوط,طنطا‏,14:00,0 - 0,2024-01-15
دوري القسم الثاني-أ,لافيينا أف سي,راية الرياضي,14:00,2 - 0,2024-01-15
الدوري التركي,جالاتا سراي,قيصري سبور,19:00,2 - 1,2024-01-15
الدوري البرتغالي,فيتوريا جيماريش,أروكا,22:15,2 - 1,2024-01-15
كأس الأمم الأفريقية,بوركينا فاسو,موريتانيا,16:00,1 - 0,2024-01-16
كأس الأمم الأفريقية,تونس,ناميبيا,19:00,0 - 1,2024-01-16
كأس الأمم الأفريقية,مالي,جنوب أفريقيا,22:00,2 - 0,2024-01-16
كأس الاتحاد الإنجليزي,وولفرهامبتون,برينتفورد,21:30,3 - 2,2024-01-16
كأس الاتحاد الإنجليزي,إيستليج,نيوبورت كاونتى,21:45,1 - 3,2024-01-16
كأس الاتحاد الإنجليزي,بيرمنجهام,هال سيتي,21:45,2 - 1,2024-01-16
كأس الاتحاد الإنجليزي,بولتون واندررز,لوتون تاون,21:45,1 - 2,2024-01-16
كأس الاتحاد الإنجليزي,بريستول سيتي,وست هام يونايتد,21:45,1 - 0,2024-01-16
كأس رابطة الأندية المحترفة,فاركو,زد,15:00,0 - 2,2024-01-16
كأس رابطة الأندية المحترفة,سموحة,مودرن فيوتشر,17:00,0 - 0,2024-01-16
كأس رابطة الأندية المحترفة,طلائع الجيش,بيراميدز,17:00,2 - 2,2024-01-16
كأس ملك أسبانيا,خيتافي,اشبيلية,21:00,1 - 3,2024-01-16
كأس ملك أسبانيا,أتلتيك بلباو,ألافيس,22:00,2 - 0,2024-01-16
كأس ملك أسبانيا,تينيريفي,مايوركا,23:00,0 - 1,2024-01-16
الدوري الإيطالي,يوفنتوس,ساسولو,21:45,3 - 0,2024-01-16
دوري القسم الثاني-أ,مصر المقاصة,أبو قير للاسمدة,14:00,0 - 2,2024-01-16
كأس الأمم الأفريقية,المغرب,تنزانيا,19:00,3 - 0,2024-01-17
كأس الأمم الأفريقية,الكونغو الديمقراطية,زامبيا,22:00,1 - 1,2024-01-17
كأس الاتحاد الإنجليزي,بريستول روفرز,نورويتش سيتي,21:45,1 - 3,2024-01-17
كأس الاتحاد الإنجليزي,بلاكبول,نوتينجهام فورست,21:45,2 - 3,2024-01-17
كأس الاتحاد الإنجليزي,ايفرتون,كريستال بالاس,21:45,1 - 0,2024-01-17
كأس رابطة الأندية المحترفة,البنك الاهلي,المصري,15:00,2 - 2,2024-01-17
كأس رابطة الأندية المحترفة,الإسماعيلي,سيراميكا كليوباترا,17:00,1 - 3,2024-01-17
كأس رابطة الأندية المحترفة,إنبي,الداخلية,17:00,2 - 1,2024-01-17
كأس ملك أسبانيا,فالنسيا,سيلتا فيجو,21:00,1 - 3,2024-01-17
كأس ملك أسبانيا,أوساسونا,ريال سوسيداد,22:00,0 - 2,2024-01-17
كأس ملك أسبانيا,جيرونا,رايو فاييكانو,22:30,3 - 1,2024-01-17
كأس الأمم الأفريقية,غينيا الاستوائية,غينيا بيساو,16:00,4 - 2,2024-01-18
كأس الأمم الأفريقية,كوت ديفوار,نيجيريا,19:00,0 - 1,2024-01-18
كأس الأمم الأفريقية,مصر,غانـــا,22:00,2 - 2,2024-01-18
كأس ملك أسبانيا,اونيونيستا سالامنكا,برشلونة,20:30,1 - 3,2024-01-18
كأس ملك أسبانيا,اتلتيكو مدريد,ريال مدريد,22:30,4 - 2,2024-01-18
الدوري البرتغالي,فاماليكاو,سبورتينج براجا,20:45,1 - 2,2024-01-18
الدوري البرتغالي,فيزيلا,سبورتينج لشبونة,22:45,2 - 5,2024-01-18
كأس الأمم الأفريقية,كاب فيردي,موزمبيق,16:00,3 - 0,2024-01-19
كأس الأمم الأفريقية,السنغال,الكاميرون,19:00,3 - 1,2024-01-19
كأس الأمم الأفريقية,غينيا,جامبيا,22:00,1 - 0,2024-01-19
الدوري الإسباني,ألافيس,قادش,22:00,1 - 0,2024-01-19
الدوري البرتغالي,بنفيكا,بوافيستا,22:15,2 - 0,2024-01-19
كأس الأمم الأفريقية,الجزائر,بوركينا فاسو,16:00,2 - 2,2024-01-20
كأس الأمم الأفريقية,موريتانيا,أنجـــــولا,19:00,2 - 3,2024-01-20
كأس الأمم الأفريقية,تونس,مالي,22:00,1 - 1,2024-01-20
الدوري الإنجليزي,أرسنال,كريستال بالاس,14:30,5 - 0,2024-01-20
الدوري الإنجليزي,برينتفورد,نوتينجهام فورست,19:30,3 - 2,2024-01-20
الدوري الإسباني,رايو فاييكانو,لاس بالماس,15:00,0 - 2,2024-01-20
الدوري الإسباني,فياريال,مايوركا,17:15,1 - 1,2024-01-20
الدوري الإسباني,فالنسيا,أتلتيك بلباو,19:30,1 - 0,2024-01-20
الدوري الإسباني,سيلتا فيجو,ريال سوسيداد,22:00,0 - 1,2024-01-20
مباريات ودية - منتخبات,مصر الأولمبي,العراق - أولمبي,17:30,0 - 1,2024-01-20
كأس فرنسا,نانت,ستاد لافالوا,15:30,0 - 1,2024-01-20
كأس فرنسا,روديز أفيرون,موناكو,18:30,1 - 3,2024-01-20
كأس فرنسا,أورليانز,باريس سان جيرمان,21:45,1 - 4,2024-01-20
الدوري الإيطالي,روما,هيلاس فيرونا,19:00,2 - 1,2024-01-20
الدوري الإيطالي,أودينيزي,ميلان,21:45,2 - 3,2024-01-20
الدوري الألماني,بوخوم,شتوتجارت,16:30,1 - 0,2024-01-20
الدوري الألماني,هايدنهايم,فولفسبورج,16:30,1 - 1,2024-01-20
الدوري الألماني,كولن,بروسيا دورتموند,16:30,0 - 4,2024-01-20
الدوري الألماني,دارمشتات,آ. فرانكفورت,16:30,2 - 2,2024-01-20
الدوري الألماني,فرايبورج,هوفنهايم,16:30,3 - 2,2024-01-20
الدوري الألماني,لايبزيج,باير ليفركوزن,19:30,2 - 3,2024-01-20
مباريات ودية -أندية,الاتفـــــاق,ام صلال,15:10,1 - 1,2024-01-20
مباريات ودية -أندية,الوحـــدة,الزمالك,18:45,3 - 1,2024-01-20
الدوري التركي,قاسم باشا,هاتاي سبور,12:30,3 - 0,2024-01-20
الدوري التركي,ألانيا سبور,ريزه سبور,15:00,2 - 1,2024-01-20
الدوري التركي,فاتح كاراجومروك,إسطنبول باشاكشهير,15:00,1 - 1,2024-01-20
الدوري التركي,أضنة دمير سبور,أنقرة جوتشو,18:00,1 - 1,2024-01-20
الدوري التركي,بينديكسبور,بشكتاش,18:00,4 - 0,2024-01-20
الدوري البرتغالي,إستوريل,أروكا,17:30,1 - 2,2024-01-20
الدوري البرتغالي,كازا بيا,فيرنسي,20:00,1 - 3,2024-01-20
الدوري البرتغالي,بورتو,موريرنسي,22:30,5 - 0,2024-01-20
كأس الأمم الأفريقية,المغرب,الكونغو الديمقراطية,16:00,1 - 1,2024-01-21
كأس الأمم الأفريقية,زامبيا,تنزانيا,19:00,1 - 1,2024-01-21
كأس الأمم الأفريقية,جنوب أفريقيا,ناميبيا,22:00,4 - 0,2024-01-21
الدوري الإنجليزي,شيفيلد يونايتد,وست هام يونايتد,16:00,2 - 2,2024-01-21
الدوري الإنجليزي,بورنموث,ليفربول,18:30,0 - 4,2024-01-21
الدوري الإسباني,أوساسونا,خيتافي,15:00,3 - 2,2024-01-21
الدوري الإسباني,ريال مدريد,الميريا,17:15,3 - 2,2024-01-21
الدوري الإسباني,ريال بيتيس,برشلونة,19:30,2 - 4,2024-01-21
الدوري الإسباني,جيرونا,اشبيلية,22:00,5 - 1,2024-01-21
كأس فرنسا,رين,مارسيليا,22:05,1 - 1,2024-01-21
الدوري الإيطالي,فروزينوني,كالياري,13:30,3 - 1,2024-01-21
الدوري الإيطالي,إمبولي,مونزا,16:00,3 - 0,2024-01-21
الدوري الإيطالي,ساليرنيتانا,جنوى,19:00,1 - 2,2024-01-21
الدوري الإيطالي,ليتشي,يوفنتوس,21:45,0 - 3,2024-01-21
الدوري الألماني,بايرن ميونيخ,فيردر بريمن,16:30,0 - 1,2024-01-21
الدوري الألماني,مونشنجلادباخ,أوجسبورج,18:30,1 - 2,2024-01-21
الدوري التركي,سيفاسبور,غازي عنتاب بي.بي.كي,12:30,2 - 2,2024-01-21
الدوري التركي,فنربخشة,سامسون سبور,15:00,1 - 1,2024-01-21
الدوري التركي,قونيا سبور,انطاليا سبور,15:00,1 - 1,2024-01-21
الدوري التركي,طرابزون سبور,جالاتا سراي,18:00,1 - 5,2024-01-21
الدوري البرتغالي,بورتيمونينسي,جل فيسنتي,17:30,0 - 2,2024-01-21
الدوري البرتغالي,شافيش,ريو آفي,20:00,0 - 0,2024-01-21
الدوري البرتغالي,فيتوريا جيماريش,إستريلا,22:30,3 - 0,2024-01-21
كأس الأمم الأفريقية,غينيا الاستوائية,كوت ديفوار,19:00,4 - 0,2024-01-22
كأس الأمم الأفريقية,غينيا بيساو,نيجيريا,19:00,0 - 1,2024-01-22
كأس الأمم الأفريقية,موزمبيق,غانـــا,22:00,2 - 2,2024-01-22
كأس الأمم الأفريقية,كاب فيردي,مصر,22:00,2 - 2,2024-01-22
الدوري الإنجليزي,برايتون,وولفرهامبتون,21:45,0 - 0,2024-01-22
الدوري الإسباني,غرناطه,اتلتيكو مدريد,22:00,0 - 1,2024-01-22
دوري القسم الثاني-أ,السكة الحديد,القناة,14:30,0 - 0,2024-01-22
دوري القسم الثاني-أ,بتروجيت,المصرية للاتصالات,14:30,2 - 1,2024-01-22
دوري القسم الثاني-أ,النجوم,غزل المحلة,14:30,0 - 1,2024-01-22
دوري القسم الثاني-أ,دكرنس,حرس الحدود,14:30,1 - 1,2024-01-22
دوري القسم الثاني-أ,أبو قير للاسمدة,جمهورية شبين,14:30,2 - 0,2024-01-22
دوري القسم الثاني-أ,النصر للتعدين,أسوان,14:30,1 - 1,2024-01-22
دوري القسم الثاني-أ,راية الرياضي,مصر المقاصة,14:30,4 - 0,2024-01-22
دوري القسم الثاني-أ,طنطا‏,لافيينا أف سي,14:30,0 - 2,2024-01-22
دوري القسم الثاني-أ,وادي دجلة,بترول أسيوط,14:30,2 - 1,2024-01-22
دوري القسم الثاني-أ,بروكسي,مكادي,14:30,2 - 1,2024-01-22
الدوري التركي,قيصري سبور,إسطنبول سبور,19:00,0 - 1,2024-01-22
كأس الأمم الأفريقية,غينيا,السنغال,19:00,0 - 2,2024-01-23
كأس الأمم الأفريقية,جامبيا,الكاميرون,19:00,2 - 3,2024-01-23
كأس الأمم الأفريقية,أنجـــــولا,بوركينا فاسو,22:00,2 - 0,2024-01-23
كأس الأمم الأفريقية,موريتانيا,الجزائر,22:00,1 - 0,2024-01-23
كأس ملك أسبانيا,سيلتا فيجو,ريال سوسيداد,22:30,1 - 2,2024-01-23
مباريات ودية -أندية,الأهلي,الأخدود,15:00,1 - 2,2024-01-23
الدوري التركي,هاتاي سبور,ألانيا سبور,16:00,1 - 1,2024-01-23
الدوري التركي,بشكتاش,أضنة دمير سبور,19:00,0 - 0,2024-01-23
الدوري التركي,بينديكسبور,قاسم باشا,19:00,3 - 2,2024-01-23
كأس الأمم الأفريقية,جنوب أفريقيا,تونس,19:00,0 - 0,2024-01-24
كأس الأمم الأفريقية,ناميبيا,مالي,19:00,0 - 0,2024-01-24
كأس الأمم الأفريقية,تنزانيا,الكونغو الديمقراطية,22:00,0 - 0,2024-01-24
كأس الأمم الأفريقية,زامبيا,المغرب,22:00,0 - 1,2024-01-24
كأس رابطة الأندية المحترفة,سيراميكا كليوباترا,الداخلية,15:00,1 - 1,2024-01-24
كأس رابطة الأندية المحترفة,إنبي,الإسماعيلي,15:00,1 - 0,2024-01-24
كأس رابطة الأندية المحترفة,مودرن فيوتشر,بلدية المحلة,17:00,1 - 0,2024-01-24
كأس رابطة الأندية المحترفة,الاتحاد السكندري,سموحة,17:00,0 - 2,2024-01-24
كأس ملك أسبانيا,مايوركا,جيرونا,20:30,3 - 2,2024-01-24
كأس ملك أسبانيا,أتلتيك بلباو,برشلونة,22:30,4 - 2,2024-01-24
الدوري الألماني,بايرن ميونيخ,يونيون برلين,21:30,1 - 0,2024-01-24
مباريات ودية -أندية,الزمالك,ام صلال,15:10,0 - 2,2024-01-24
مباريات ودية -أندية,الاتفـــــاق,الوحـــدة,18:00,1 - 1,2024-01-24
الدوري التركي,غازي عنتاب بي.بي.كي,قونيا سبور,16:00,1 - 1,2024-01-24
الدوري التركي,أنقرة جوتشو,فاتح كاراجومروك,16:00,2 - 0,2024-01-24
الدوري التركي,انطاليا سبور,سيفاسبور,19:00,2 - 1,2024-01-24
الدوري التركي,إسطنبول باشاكشهير,فنربخشة,19:00,0 - 1,2024-01-24
كأس الاتحاد الإنجليزي,بورنموث,سوانزي سيتي,21:45,5 - 0,2024-01-25
كأس ملك أسبانيا,اتلتيكو مدريد,اشبيلية,22:00,1 - 0,2024-01-25
الدوري التركي,سامسون سبور,قيصري سبور,16:00,2 - 0,2024-01-25
الدوري التركي,جالاتا سراي,إسطنبول سبور,19:00,3 - 1,2024-01-25
الدوري التركي,ريزه سبور,طرابزون سبور,19:00,1 - 0,2024-01-25
كأس الاتحاد الإنجليزي,بريستول سيتي,نوتينجهام فورست,21:45,0 - 0,2024-01-26
كأس الاتحاد الإنجليزي,تشيلسي,أستون فيلا,21:45,0 - 0,2024-01-26
كأس الاتحاد الإنجليزي,شيفيلد وينزداي,كوفنتري سيتي,21:45,1 - 1,2024-01-26
كأس الاتحاد الإنجليزي,توتنهام هوتسبر,مانشستر سيتي,22:00,0 - 1,2024-01-26
الدوري الإسباني,الميريا,ألافيس,22:00,0 - 3,2024-01-26
كأس رابطة الأندية المحترفة,المصري,الجونة,16:00,2 - 1,2024-01-26
كأس رابطة الأندية المحترفة,المقاولون العرب,البنك الاهلي,16:00,0 - 1,2024-01-26
كأس رابطة الأندية المحترفة,فاركو,طلائع الجيش,19:00,0 - 1,2024-01-26
كأس رابطة الأندية المحترفة,بيراميدز,زد,19:00,3 - 1,2024-01-26
الدوري الإيطالي,كالياري,تورينو,21:45,1 - 2,2024-01-26
الدوري الألماني,آ. فرانكفورت,ماينز,21:30,1 - 0,2024-01-26
الدوري الفرنسي,ليون,رين,22:00,2 - 3,2024-01-26
مباريات ودية -أندية,الأهلي,حتا,15:00,1 - 1,2024-01-26
مباريات ودية -أندية,الزمالك,الرجاء البيضاوي,16:00,2 - 2,2024-01-26
كأس الأمم الأفريقية,أنجـــــولا,ناميبيا,19:00,3 - 0,2024-01-27
كأس الأمم الأفريقية,نيجيريا,الكاميرون,22:00,2 - 0,2024-01-27
كأس الاتحاد الإنجليزي,إبسويتش تاون,ميدستون يونايتد,14:30,1 - 2,2024-01-27
كأس الاتحاد الإنجليزي,ايفرتون,لوتون تاون,17:00,1 - 2,2024-01-27
كأس الاتحاد الإنجليزي,ليستر سيتي,بيرمنجهام,17:00,3 - 0,2024-01-27
كأس الاتحاد الإنجليزي,شيفيلد يونايتد,برايتون,17:00,2 - 5,2024-01-27
كأس الاتحاد الإنجليزي,ليدز يونايتد,بلايموث أرجايل,17:00,1 - 1,2024-01-27
كأس الاتحاد الإنجليزي,فولهام,نيوكاسل,21:00,0 - 2,2024-01-27
الدوري الإسباني,ريال سوسيداد,رايو فاييكانو,15:00,0 - 0,2024-01-27
الدوري الإسباني,لاس بالماس,ريال مدريد,17:15,1 - 2,2024-01-27
الدوري الإسباني,برشلونة,فياريال,19:30,3 - 5,2024-01-27
الدوري الإسباني,مايوركا,ريال بيتيس,22:00,0 - 1,2024-01-27
الدوري الإيطالي,أتالانتا,أودينيزي,16:00,2 - 0,2024-01-27
الدوري الإيطالي,يوفنتوس,إمبولي,19:00,1 - 1,2024-01-27
الدوري الإيطالي,ميلان,بولونيا,21:45,2 - 2,2024-01-27
الدوري الألماني,شتوتجارت,لايبزيج,16:30,5 - 2,2024-01-27
الدوري الألماني,فولفسبورج,كولن,16:30,1 - 1,2024-01-27
الدوري الألماني,هوفنهايم,هايدنهايم,16:30,1 - 1,2024-01-27
الدوري الألماني,أوجسبورج,بايرن ميونيخ,16:30,2 - 3,2024-01-27
الدوري الألماني,فيردر بريمن,فرايبورج,16:30,3 - 1,2024-01-27
الدوري الألماني,باير ليفركوزن,مونشنجلادباخ,19:30,0 - 0,2024-01-27
الدوري الفرنسي,نيس,ميتز,18:00,1 - 0,2024-01-27
الدوري الفرنسي,مارسيليا,موناكو,22:00,2 - 2,2024-01-27
مباريات ودية -أندية,أهلي جدة,ووهان ثري تاونز,16:00,3 - 1,2024-01-27
الدوري التركي,ألانيا سبور,بينديكسبور,15:00,1 - 1,2024-01-27
الدوري التركي,أضنة دمير سبور,هاتاي سبور,18:00,0 - 1,2024-01-27
كأس الأمم الأفريقية,غينيا الاستوائية,غينيا,19:00,0 - 1,2024-01-28
كأس الأمم الأفريقية,مصر,الكونغو الديمقراطية,22:00,1 - 1,2024-01-28
كأس الاتحاد الإنجليزي,وست بروميتش,وولفرهامبتون,13:45,0 - 2,2024-01-28
كأس الاتحاد الإنجليزي,واتفورد,ساوثامبتون,16:00,1 - 1,2024-01-28
كأس الاتحاد الإنجليزي,ليفربول,نورويتش سيتي,16:30,5 - 2,2024-01-28
كأس الاتحاد الإنجليزي,نيوبورت كاونتى,مانشستر يونايتد,18:30,2 - 4,2024-01-28
الدوري الإسباني,سيلتا فيجو,جيرونا,15:00,0 - 1,2024-01-28
الدوري الإسباني,قادش,أتلتيك بلباو,17:15,0 - 0,2024-01-28
الدوري الإسباني,اشبيلية,أوساسونا,19:30,1 - 1,2024-01-28
الدوري الإسباني,اتلتيكو مدريد,فالنسيا,22:00,2 - 0,2024-01-28
الدوري الإيطالي,جنوى,ليتشي,13:30,2 - 1,2024-01-28
الدوري الإيطالي,مونزا,ساسولو,16:00,1 - 0,2024-01-28
الدوري الإيطالي,هيلاس فيرونا,فروزينوني,16:00,1 - 1,2024-01-28
الدوري الإيطالي,لاتسيو,نابولي,19:00,0 - 0,2024-01-28
الدوري الإيطالي,فيورنتينا,إنتر ميلان,21:45,0 - 1,2024-01-28
الدوري الألماني,يونيون برلين,دارمشتات,16:30,1 - 0,2024-01-28
الدوري الألماني,بروسيا دورتموند,بوخوم,18:30,3 - 1,2024-01-28
الدوري الفرنسي,مونبيليه,ليل,14:00,0 - 0,2024-01-28
الدوري الفرنسي,ريمس,نانت,16:00,0 - 0,2024-01-28
الدوري الفرنسي,لوريان,لوهافر,16:00,3 - 3,2024-01-28
الدوري الفرنسي,كليرمونت,ستراسبورج,16:00,1 - 1,2024-01-28
الدوري الفرنسي,تولوز,لانس,18:05,0 - 2,2024-01-28
الدوري الفرنسي,باريس سان جيرمان,بريست,21:45,2 - 2,2024-01-28
مباريات ودية -أندية,الزمالك,أهلي جدة,18:00,3 - 0,2024-01-28
الدوري التركي,قونيا سبور,إسطنبول باشاكشهير,12:30,2 - 3,2024-01-28
الدوري التركي,سيفاسبور,بشكتاش,15:00,1 - 0,2024-01-28
الدوري التركي,فاتح كاراجومروك,ريزه سبور,15:00,4 - 0,2024-01-28
الدوري التركي,فنربخشة,أنقرة جوتشو,18:00,2 - 1,2024-01-28
الدوري البرتغالي,بوافيستا,بورتيمونينسي,17:30,1 - 4,2024-01-28
الدوري البرتغالي,موريرنسي,فاماليكاو,17:30,1 - 0,2024-01-28
الدوري البرتغالي,فيرنسي,بورتو,20:00,1 - 3,2024-01-28
الدوري البرتغالي,جل فيسنتي,فيتوريا جيماريش,22:30,1 - 0,2024-01-28
الدوري البرتغالي,أروكا,فيزيلا,22:30,5 - 0,2024-01-28
كأس الأمم الأفريقية,كاب فيردي,موريتانيا,19:00,1 - 0,2024-01-29
كأس الأمم الأفريقية,السنغال,كوت ديفوار,22:00,1 - 1,2024-01-29
كأس الاتحاد الإنجليزي,بلاكبيـرن  روفرز,ريكسهام,21:30,4 - 1,2024-01-29
الدوري الإسباني,خيتافي,غرناطه,22:00,2 - 0,2024-01-29
الدوري الإيطالي,ساليرنيتانا,روما,21:45,1 - 2,2024-01-29
دوري القسم الثاني-أ,حرس الحدود,جمهورية شبين,14:30,1 - 0,2024-01-29
دوري القسم الثاني-أ,غزل المحلة,دكرنس,14:30,2 - 0,2024-01-29
دوري القسم الثاني-أ,المصرية للاتصالات,النجوم,14:30,1 - 0,2024-01-29
دوري القسم الثاني-أ,مكادي,بتروجيت,14:30,0 - 1,2024-01-29
دوري القسم الثاني-أ,أسوان,بروكسي,14:30,0 - 1,2024-01-29
دوري القسم الثاني-أ,القناة,النصر للتعدين,14:30,1 - 0,2024-01-29
دوري القسم الثاني-أ,بترول أسيوط,السكة الحديد,14:30,0 - 1,2024-01-29
دوري القسم الثاني-أ,لافيينا أف سي,وادي دجلة,14:30,3 - 4,2024-01-29
دوري القسم الثاني-أ,مصر المقاصة,طنطا‏,14:30,0 - 3,2024-01-29
دوري القسم الثاني-أ,أبو قير للاسمدة,راية الرياضي,14:30,0 - 0,2024-01-29
الدوري التركي,إسطنبول سبور,سامسون سبور,16:00,1 - 1,2024-01-29
الدوري التركي,قيصري سبور,انطاليا سبور,16:00,1 - 1,2024-01-29
الدوري التركي,جالاتا سراي,غازي عنتاب بي.بي.كي,19:00,2 - 1,2024-01-29
الدوري التركي,طرابزون سبور,قاسم باشا,19:00,2 - 3,2024-01-29
الدوري البرتغالي,إستريلا,بنفيكا,20:45,1 - 4,2024-01-29
الدوري البرتغالي,سبورتينج لشبونة,كازا بيا,22:45,8 - 0,2024-01-29
كأس الأمم الأفريقية,مالي,بوركينا فاسو,19:00,2 - 1,2024-01-30
كأس الأمم الأفريقية,المغرب,جنوب أفريقيا,22:00,0 - 2,2024-01-30
الدوري الإنجليزي,نوتينجهام فورست,أرسنال,21:30,1 - 2,2024-01-30
الدوري الإنجليزي,فولهام,ايفرتون,21:45,0 - 0,2024-01-30
الدوري الإنجليزي,لوتون تاون,برايتون,21:45,4 - 0,2024-01-30
الدوري الإنجليزي,كريستال بالاس,شيفيلد يونايتد,22:00,3 - 2,2024-01-30
الدوري الإنجليزي,أستون فيلا,نيوكاسل,22:15,1 - 3,2024-01-30
كأس ألمانيا,سانت باولي,ف.دوسلدورف,21:45,2 - 2,2024-01-30
الدوري الإنجليزي,توتنهام هوتسبر,برينتفورد,21:30,3 - 2,2024-01-31
الدوري الإنجليزي,مانشستر سيتي,بيرنلي,21:30,3 - 1,2024-01-31
الدوري الإنجليزي,ليفربول,تشيلسي,22:15,4 - 1,2024-01-31
الدوري الإسباني,برشلونة,أوساسونا,20:00,1 - 0,2024-01-31
الدوري الإسباني,اتلتيكو مدريد,رايو فاييكانو,22:00,2 - 1,2024-01-31
كأس رابطة الأندية المحترفة,طلائع الجيش,الجونة,16:30,1 - 1,2024-01-31
كأس رابطة الأندية المحترفة,الاتحاد السكندري,إنبي,19:30,2 - 0,2024-01-31
كأس ألمانيا,هيرتا برلين,كايزرسلاوترن,21:45,1 - 3,2024-01-31
الدوري البرتغالي,ريو آفي,إستوريل,20:45,1 - 1,2024-01-31
الدوري البرتغالي,سبورتينج براجا,شافيش,22:45,1 - 1,2024-01-31
الدوري الإنجليزي,وست هام يونايتد,بورنموث,21:30,1 - 1,2024-02-01
الدوري الإنجليزي,وولفرهامبتون,مانشستر يونايتد,22:15,3 - 4,2024-02-01
الدوري الإسباني,خيتافي,ريال مدريد,22:00,0 - 2,2024-02-01
كأس رابطة الأندية المحترفة,سيراميكا كليوباترا,سموحة,16:30,2 - 0,2024-02-01
كأس رابطة الأندية المحترفة,المصري,بيراميدز,19:30,3 - 1,2024-02-01
مباريات ودية -أندية,النصر,انتر ميامى,20:00,6 - 0,2024-02-01
كأس الأمم الأفريقية,نيجيريا,أنجـــــولا,19:00,1 - 0,2024-02-02
كأس الأمم الأفريقية,الكونغو الديمقراطية,غينيا,22:00,3 - 1,2024-02-02
الدوري الإسباني,أتلتيك بلباو,مايوركا,22:00,4 - 0,2024-02-02
الدوري الإيطالي,ليتشي,فيورنتينا,21:45,3 - 2,2024-02-02
الدوري الألماني,هايدنهايم,بروسيا دورتموند,21:30,0 - 0,2024-02-02
الدوري الفرنسي,ستراسبورج,باريس سان جيرمان,22:00,1 - 2,2024-02-02
الدوري التركي,أنقرة جوتشو,سيفاسبور,16:00,0 - 0,2024-02-02
الدوري التركي,هاتاي سبور,فاتح كاراجومروك,16:00,3 - 1,2024-02-02
الدوري التركي,سامسون سبور,جالاتا سراي,19:00,0 - 2,2024-02-02
كأس الأمم الأفريقية,مالي,كوت ديفوار,19:00,1 - 2,2024-02-03
كأس الأمم الأفريقية,كاب فيردي,جنوب أفريقيا,22:00,0 - 0,2024-02-03
الدوري الإنجليزي,ايفرتون,توتنهام هوتسبر,14:30,2 - 2,2024-02-03
الدوري الإنجليزي,نيوكاسل,لوتون تاون,17:00,4 - 4,2024-02-03
الدوري الإنجليزي,بيرنلي,فولهام,17:00,2 - 2,2024-02-03
الدوري الإنجليزي,برايتون,كريستال بالاس,17:00,4 - 1,2024-02-03
الدوري الإنجليزي,شيفيلد يونايتد,أستون فيلا,19:30,0 - 5,2024-02-03
الدوري الإسباني,فالنسيا,الميريا,15:00,2 - 1,2024-02-03
الدوري الإسباني,غرناطه,لاس بالماس,17:15,1 - 1,2024-02-03
الدوري الإسباني,ألافيس,برشلونة,19:30,1 - 3,2024-02-03
الدوري الإسباني,جيرونا,ريال سوسيداد,22:00,0 - 0,2024-02-03
الدوري الإيطالي,أودينيزي,مونزا,16:00,0 - 0,2024-02-03
الدوري الإيطالي,إمبولي,جنوى,16:00,0 - 0,2024-02-03
الدوري الإيطالي,فروزينوني,ميلان,19:00,2 - 3,2024-02-03
الدوري الإيطالي,بولونيا,ساسولو,21:45,4 - 2,2024-02-03
الدوري الألماني,بوخوم,أوجسبورج,16:30,1 - 1,2024-02-03
الدوري الألماني,فرايبورج,شتوتجارت,16:30,1 - 3,2024-02-03
الدوري الألماني,بايرن ميونيخ,مونشنجلادباخ,16:30,3 - 1,2024-02-03
الدوري الألماني,دارمشتات,باير ليفركوزن,16:30,0 - 2,2024-02-03
الدوري الألماني,ماينز,فيردر بريمن,16:30,0 - 1,2024-02-03
الدوري الألماني,كولن,آ. فرانكفورت,19:30,2 - 0,2024-02-03
الدوري الفرنسي,رين,مونبيليه,18:00,2 - 1,2024-02-03
الدوري الفرنسي,نانت,لانس,22:00,0 - 1,2024-02-03
الدوري التركي,ريزه سبور,قونيا سبور,12:30,0 - 0,2024-02-03
الدوري التركي,إسطنبول باشاكشهير,إسطنبول سبور,15:00,2 - 0,2024-02-03
الدوري التركي,انطاليا سبور,فنربخشة,18:00,0 - 2,2024-02-03
الدوري التركي,غازي عنتاب بي.بي.كي,قيصري سبور,18:00,1 - 1,2024-02-03
الدوري البرتغالي,بورتيمونينسي,أروكا,17:30,1 - 2,2024-02-03
الدوري البرتغالي,بورتو,ريو آفي,22:30,0 - 0,2024-02-03
الدوري الإنجليزي,بورنموث,نوتينجهام فورست,16:00,1 - 1,2024-02-04
الدوري الإنجليزي,تشيلسي,وولفرهامبتون,16:00,2 - 4,2024-02-04
الدوري الإنجليزي,مانشستر يونايتد,وست هام يونايتد,16:00,3 - 0,2024-02-04
الدوري الإنجليزي,أرسنال,ليفربول,18:30,3 - 1,2024-02-04
الدوري الإسباني,فياريال,قادش,15:00,0 - 0,2024-02-04
الدوري الإسباني,أوساسونا,سيلتا فيجو,17:15,0 - 3,2024-02-04
الدوري الإسباني,ريال بيتيس,خيتافي,19:30,1 - 1,2024-02-04
الدوري الإسباني,ريال مدريد,اتلتيكو مدريد,22:00,1 - 1,2024-02-04
الدوري الإيطالي,تورينو,ساليرنيتانا,13:30,0 - 0,2024-02-04
الدوري الإيطالي,نابولي,هيلاس فيرونا,16:00,2 - 1,2024-02-04
الدوري الإيطالي,أتالانتا,لاتسيو,19:00,3 - 1,2024-02-04
الدوري الإيطالي,إنتر ميلان,يوفنتوس,21:45,1 - 0,2024-02-04
الدوري الألماني,فولفسبورج,هوفنهايم,16:30,2 - 2,2024-02-04
الدوري الألماني,لايبزيج,يونيون برلين,18:30,2 - 0,2024-02-04
الدوري الفرنسي,موناكو,لوهافر,14:00,1 - 1,2024-02-04
الدوري الفرنسي,ميتز,لوريان,16:00,1 - 2,2024-02-04
الدوري الفرنسي,ريمس,تولوز,16:00,2 - 3,2024-02-04
الدوري الفرنسي,ليل,كليرمونت,16:00,4 - 0,2024-02-04
الدوري الفرنسي,بريست,نيس,18:05,0 - 0,2024-02-04
الدوري الفرنسي,ليون,مارسيليا,21:45,1 - 0,2024-02-04
كأس خادم الحرمين الشريفين,الفيصلي,الاتحاد,17:15,0 - 4,2024-02-04
الدوري التركي,بينديكسبور,أضنة دمير سبور,12:30,2 - 1,2024-02-04
الدوري التركي,قاسم باشا,ألانيا سبور,15:00,2 - 1,2024-02-04
الدوري التركي,بشكتاش,طرابزون سبور,18:00,2 - 0,2024-02-04
الدوري البرتغالي,شافيش,فيرنسي,17:30,1 - 1,2024-02-04
الدوري البرتغالي,فيزيلا,فيتوريا جيماريش,17:30,0 - 1,2024-02-04
الدوري البرتغالي,بنفيكا,جل فيسنتي,18:00,3 - 0,2024-02-04
الدوري البرتغالي,إستوريل,إستريلا,20:00,1 - 0,2024-02-04
الدوري البرتغالي,سبورتينج براجا,موريرنسي,22:30,1 - 0,2024-02-04
الدوري الإنجليزي,برينتفورد,مانشستر سيتي,22:00,1 - 3,2024-02-05
الدوري الإسباني,رايو فاييكانو,اشبيلية,22:00,1 - 2,2024-02-05
الدوري الإيطالي,روما,كالياري,21:45,4 - 0,2024-02-05
الدوري البرتغالي,كازا بيا,بوافيستا,22:15,0 - 0,2024-02-05
كأس الاتحاد الإنجليزي,كوفنتري سيتي,شيفيلد وينزداي,21:45,4 - 1,2024-02-06
كأس الاتحاد الإنجليزي,بلايموث أرجايل,ليدز يونايتد,21:45,1 - 4,2024-02-06
كأس الاتحاد الإنجليزي,ساوثامبتون,واتفورد,21:45,3 - 0,2024-02-06
كأس رابطة الأندية المحترفة,المصري,طلائع الجيش,16:30,1 - 1,2024-02-06
كأس رابطة الأندية المحترفة,الاتحاد السكندري,سيراميكا كليوباترا,19:30,0 - 1,2024-02-06
كأس ملك أسبانيا,مايوركا,ريال سوسيداد,22:00,0 - 0,2024-02-06
كأس فرنسا,سوشو,رين,21:45,1 - 6,2024-02-06
كأس ألمانيا,باير ليفركوزن,شتوتجارت,21:45,3 - 2,2024-02-06
الدوري التونسي,البنزرتي,النجم الرياضي بالمتلوي,15:00,2 - 0,2024-02-06
الدوري التونسي,اتحاد تطاوين,مستقبل المرسى,15:00,2 - 1,2024-02-06
كأس الأمم الأفريقية,نيجيريا,جنوب أفريقيا,19:00,1 - 1,2024-02-07
كأس الأمم الأفريقية,كوت ديفوار,الكونغو الديمقراطية,22:00,1 - 0,2024-02-07
كأس الاتحاد الإنجليزي,نوتينجهام فورست,بريستول سيتي,21:45,1 - 1,2024-02-07
كأس الاتحاد الإنجليزي,أستون فيلا,تشيلسي,22:00,1 - 3,2024-02-07
كأس ملك أسبانيا,اتلتيكو مدريد,أتلتيك بلباو,22:30,0 - 1,2024-02-07
الدوري السعودي,الطــائي,الاتحاد,20:00,0 - 3,2024-02-07
كأس فرنسا,ليون,ليل,19:30,2 - 1,2024-02-07
كأس فرنسا,لو بوي فوت 43,ستاد لافالوا,21:30,2 - 1,2024-02-07
كأس فرنسا,مونبيليه,نيس,21:30,1 - 4,2024-02-07
كأس فرنسا,سانت بريست,فالينسيان,21:30,1 - 2,2024-02-07
كأس فرنسا,ستراسبورج,لوهافر,21:30,3 - 1,2024-02-07
كأس فرنسا,باريس سان جيرمان,بريست,22:10,3 - 1,2024-02-07
الدوري الألماني,ماينز,يونيون برلين,19:30,1 - 1,2024-02-07
الدوري المغربي,الفتح الرباطي,الوداد البيضاوي,17:00,2 - 1,2024-02-07
الدوري المغربي,نهضة الزمامرة,الاتحاد التوركي,17:00,1 - 2,2024-02-07
الدوري المغربي,الشباب الرياضي السالمي,اتحاد طنجة,17:00,1 - 3,2024-02-07
الدوري المغربي,المغرب التطواني,المغرب الفاسي,19:00,0 - 2,2024-02-07
الدوري المغربي,حسنية اغادير,أولمبيك آسفي,19:00,1 - 1,2024-02-07
الدوري التونسي,سليمان الرياضي,الأولمبي الباجي,15:00,3 - 1,2024-02-07
الدوري التونسي,قوافل قفصة,إتحاد بن قردان,15:00,0 - 0,2024-02-07
كأس فرنسا,روان,موناكو,21:45,1 - 1,2024-02-08
الدوري المغربي,الرجاء البيضاوي,يوسفية برشيد,17:00,1 - 0,2024-02-08
الدوري المغربي,شباب المحمدية,الجيش الملكي,19:00,0 - 3,2024-02-08
الدوري المغربي,مولودية وجدة,نهضة بركان,19:00,1 - 0,2024-02-08
مباريات ودية -أندية,الهلال,النصر,20:00,2 - 0,2024-02-08
الدوري الإسباني,قادش,ريال بيتيس,22:00,0 - 2,2024-02-09
الدوري الإيطالي,ساليرنيتانا,إمبولي,21:45,1 - 3,2024-02-09
الدوري الألماني,بروسيا دورتموند,فرايبورج,21:30,3 - 0,2024-02-09
الدوري الفرنسي,مارسيليا,ميتز,22:00,1 - 1,2024-02-09
الدوري التركي,أضنة دمير سبور,قاسم باشا,19:00,1 - 3,2024-02-09
الدوري البرتغالي,إستريلا,بورتيمونينسي,22:15,3 - 0,2024-02-09
كأس الأمم الأفريقية,جنوب أفريقيا,الكونغو الديمقراطية,22:00,0 - 0,2024-02-10
الدوري الإنجليزي,مانشستر سيتي,ايفرتون,14:30,2 - 0,2024-02-10
الدوري الإنجليزي,ليفربول,بيرنلي,17:00,3 - 1,2024-02-10
الدوري الإنجليزي,توتنهام هوتسبر,برايتون,17:00,2 - 1,2024-02-10
الدوري الإنجليزي,وولفرهامبتون,برينتفورد,17:00,0 - 2,2024-02-10
الدوري الإنجليزي,لوتون تاون,شيفيلد يونايتد,17:00,1 - 3,2024-02-10
الدوري الإنجليزي,فولهام,بورنموث,17:00,3 - 1,2024-02-10
الدوري الإنجليزي,نوتينجهام فورست,نيوكاسل,19:30,2 - 3,2024-02-10
الدوري الإسباني,ألافيس,فياريال,15:00,1 - 1,2024-02-10
الدوري الإسباني,ريال سوسيداد,أوساسونا,17:15,0 - 1,2024-02-10
الدوري الإسباني,ريال مدريد,جيرونا,19:30,4 - 0,2024-02-10
الدوري الإسباني,لاس بالماس,فالنسيا,22:00,2 - 0,2024-02-10
الدوري الإيطالي,كالياري,لاتسيو,16:00,1 - 3,2024-02-10
الدوري الإيطالي,روما,إنتر ميلان,19:00,2 - 4,2024-02-10
الدوري الإيطالي,ساسولو,تورينو,21:45,1 - 1,2024-02-10
الدوري الألماني,فيردر بريمن,هايدنهايم,16:30,1 - 2,2024-02-10
الدوري الألماني,يونيون برلين,فولفسبورج,16:30,1 - 0,2024-02-10
الدوري الألماني,أوجسبورج,لايبزيج,16:30,2 - 2,2024-02-10
الدوري الألماني,مونشنجلادباخ,دارمشتات,16:30,0 - 0,2024-02-10
الدوري الألماني,آ. فرانكفورت,بوخوم,16:30,1 - 1,2024-02-10
الدوري الألماني,باير ليفركوزن,بايرن ميونيخ,19:30,3 - 0,2024-02-10
الدوري الفرنسي,لانس,ستراسبورج,18:00,3 - 1,2024-02-10
الدوري الفرنسي,باريس سان جيرمان,ليل,22:00,3 - 1,2024-02-10
الدوري المغربي,حسنية اغادير,الشباب الرياضي السالمي,17:00,2 - 1,2024-02-10
الدوري المغربي,المغرب الفاسي,الفتح الرباطي,19:00,1 - 2,2024-02-10
الدوري المغربي,أولمبيك آسفي,المغرب التطواني,19:00,2 - 1,2024-02-10
الدوري التركي,فاتح كاراجومروك,بينديكسبور,15:00,2 - 0,2024-02-10
الدوري التركي,جالاتا سراي,إسطنبول باشاكشهير,18:00,2 - 0,2024-02-10
الدوري التونسي,النجم الرياضي بالمتلوي,اتحاد تطاوين,15:00,0 - 0,2024-02-10
الدوري البرتغالي,فيرنسي,فاماليكاو,17:30,1 - 1,2024-02-10
الدوري البرتغالي,موريرنسي,شافيش,20:00,1 - 0,2024-02-10
الدوري البرتغالي,بوافيستا,إستوريل,22:30,2 - 1,2024-02-10
كأس الأمم الأفريقية,نيجيريا,كوت ديفوار,22:00,1 - 2,2024-02-11
الدوري الإنجليزي,وست هام يونايتد,أرسنال,16:00,0 - 6,2024-02-11
الدوري الإنجليزي,أستون فيلا,مانشستر يونايتد,18:30,1 - 2,2024-02-11
الدوري الإسباني,خيتافي,سيلتا فيجو,15:00,3 - 2,2024-02-11
الدوري الإسباني,مايوركا,رايو فاييكانو,17:15,2 - 1,2024-02-11
الدوري الإسباني,اشبيلية,اتلتيكو مدريد,19:30,1 - 0,2024-02-11
الدوري الإسباني,برشلونة,غرناطه,22:00,3 - 3,2024-02-11
الدوري الإيطالي,فيورنتينا,فروزينوني,13:30,5 - 1,2024-02-11
الدوري الإيطالي,مونزا,هيلاس فيرونا,16:00,0 - 0,2024-02-11
الدوري الإيطالي,بولونيا,ليتشي,16:00,4 - 0,2024-02-11
الدوري الإيطالي,جنوى,أتالانتا,19:00,1 - 4,2024-02-11
الدوري الإيطالي,ميلان,نابولي,21:45,1 - 0,2024-02-11
الدوري الألماني,شتوتجارت,ماينز,16:30,3 - 1,2024-02-11
الدوري الألماني,هوفنهايم,كولن,18:30,1 - 1,2024-02-11
الدوري الفرنسي,لوهافر,رين,14:00,0 - 1,2024-02-11
الدوري الفرنسي,كليرمونت,بريست,16:00,1 - 1,2024-02-11
الدوري الفرنسي,تولوز,نانت,16:00,1 - 2,2024-02-11
الدوري الفرنسي,لوريان,ريمس,16:00,2 - 0,2024-02-11
الدوري الفرنسي,مونبيليه,ليون,18:05,1 - 2,2024-02-11
الدوري الفرنسي,نيس,موناكو,21:45,2 - 3,2024-02-11
الدوري المغربي,اتحاد طنجة,نهضة بركان,17:00,0 - 1,2024-02-11
الدوري المغربي,يوسفية برشيد,نهضة الزمامرة,17:00,1 - 0,2024-02-11
الدوري المغربي,الجيش الملكي,الرجاء البيضاوي,17:00,1 - 1,2024-02-11
الدوري المغربي,الوداد البيضاوي,شباب المحمدية,19:00,5 - 2,2024-02-11
الدوري المغربي,الاتحاد التوركي,مولودية وجدة,19:00,2 - 0,2024-02-11
الدوري التركي,سيفاسبور,ريزه سبور,12:30,1 - 0,2024-02-11
الدوري التركي,إسطنبول سبور,غازي عنتاب بي.بي.كي,15:00,1 - 3,2024-02-11
الدوري التركي,قونيا سبور,أنقرة جوتشو,15:00,1 - 0,2024-02-11
الدوري التركي,فنربخشة,ألانيا سبور,18:00,2 - 2,2024-02-11
الدوري التونسي,مستقبل المرسى,قوافل قفصة,15:00,1 - 0,2024-02-11
الدوري التونسي,الأولمبي الباجي,البنزرتي,15:00,0 - 0,2024-02-11
الدوري التونسي,إتحاد بن قردان,سليمان الرياضي,15:00,1 - 0,2024-02-11
الدوري البرتغالي,ريو آفي,كازا بيا,17:30,1 - 0,2024-02-11
الدوري البرتغالي,سبورتينج لشبونة,سبورتينج براجا,20:00,5 - 0,2024-02-11
الدوري البرتغالي,فيتوريا جيماريش,بنفيكا,22:30,2 - 2,2024-02-11
الدوري الإنجليزي,كريستال بالاس,تشيلسي,22:00,1 - 3,2024-02-12
الدوري الإسباني,الميريا,أتلتيك بلباو,22:00,0 - 0,2024-02-12
الدوري الإيطالي,يوفنتوس,أودينيزي,21:45,0 - 1,2024-02-12
دوري القسم الثاني-أ,بروكسي,وادي دجلة,15:00,1 - 0,2024-02-12
دوري القسم الثاني-أ,راية الرياضي,السكة الحديد,15:00,0 - 0,2024-02-12
دوري القسم الثاني-أ,بتروجيت,حرس الحدود,15:00,1 - 1,2024-02-12
دوري القسم الثاني-أ,القناة,لافيينا أف سي,15:00,0 - 1,2024-02-12
دوري القسم الثاني-أ,غزل المحلة,طنطا‏,17:30,3 - 0,2024-02-12
الدوري التركي,طرابزون سبور,هاتاي سبور,16:00,2 - 0,2024-02-12
الدوري التركي,قيصري سبور,بشكتاش,19:00,0 - 0,2024-02-12
الدوري التركي,سامسون سبور,انطاليا سبور,19:00,2 - 0,2024-02-12
الدوري البرتغالي,أروكا,بورتو,22:15,3 - 2,2024-02-12
الدوري المصري,الجونة,المصري,16:00,2 - 2,2024-02-13
الدوري المصري,سموحة,البنك الاهلي,19:00,1 - 1,2024-02-13
دوري أبطال أوروبا,كوبنهاجن,مانشستر سيتي,22:00,1 - 3,2024-02-13
دوري أبطال أوروبا,لايبزيج,ريال مدريد,22:00,0 - 1,2024-02-13
دوري أبطال آسيا,شاندونج تايشان,كاواساكي فورنتال,12:00,2 - 3,2024-02-13
الدوري المغربي,المغرب التطواني,حسنية اغادير,19:00,1 - 1,2024-02-13
الدوري المغربي,الفتح الرباطي,أولمبيك آسفي,21:00,0 - 0,2024-02-13
دوري القسم الثاني-أ,أسوان,أبو قير للاسمدة,14:30,0 - 0,2024-02-13
دوري القسم الثاني-أ,بترول أسيوط,مكادي,15:00,0 - 0,2024-02-13
دوري القسم الثاني-أ,النجوم,جمهورية شبين,15:00,1 - 2,2024-02-13
دوري القسم الثاني-أ,المصرية للاتصالات,مصر المقاصة,15:00,0 - 1,2024-02-13
دوري القسم الثاني-أ,النصر للتعدين,دكرنس,15:00,0 - 1,2024-02-13
الدوري البرتغالي,جل فيسنتي,فيزيلا,17:30,0 - 1,2024-02-13
الدوري الإماراتي,الوحـــدة,الشــارقة,15:25,1 - 1,2024-02-13
الدوري الإماراتي,اتحاد كلباء,خورفكان,16:25,1 - 1,2024-02-13
الدوري الإماراتي,الوصل,النصر الإماراتي,18:00,1 - 0,2024-02-13
الدوري المصري,المقاولون العرب,إنبي,16:00,0 - 1,2024-02-14
الدوري المصري,الاتحاد السكندري,طلائع الجيش,16:00,2 - 2,2024-02-14
الدوري المصري,زد,بيراميدز,19:00,0 - 0,2024-02-14
دوري أبطال أوروبا,باريس سان جيرمان,ريال سوسيداد,22:00,2 - 0,2024-02-14
دوري أبطال أوروبا,لاتسيو,بايرن ميونيخ,22:00,1 - 0,2024-02-14
دوري أبطال آسيا,تشونبك هيونداي,بوهانج,12:00,2 - 0,2024-02-14
دوري أبطال آسيا,بانكوك يونايتد,يوكوهاما مارينوس,14:00,2 - 2,2024-02-14
دوري أبطال آسيا,ناساف كارشي,العين,16:00,0 - 0,2024-02-14
دوري أبطال آسيا,الفيحاء,النصر,20:00,0 - 1,2024-02-14
الدوري الإيطالي,بولونيا,فيورنتينا,20:00,2 - 0,2024-02-14
الدوري المغربي,نهضة بركان,الاتحاد التوركي,17:00,0 - 0,2024-02-14
الدوري المغربي,نهضة الزمامرة,الجيش الملكي,17:00,0 - 1,2024-02-14
الدوري المغربي,الرجاء البيضاوي,المغرب الفاسي,19:00,1 - 0,2024-02-14
الدوري المغربي,الشباب الرياضي السالمي,الوداد البيضاوي,21:00,3 - 1,2024-02-14
الدوري المصري,بلدية المحلة,مودرن فيوتشر,16:00,1 - 0,2024-02-15
الدوري المصري,الإسماعيلي,سيراميكا كليوباترا,19:00,2 - 1,2024-02-15
الدوري الأوروبي,فينورد,روما,19:45,1 - 1,2024-02-15
الدوري الأوروبي,يونج بويز,سبورتينج لشبونة,19:45,1 - 3,2024-02-15
الدوري الأوروبي,جالاتا سراي,سبارتا براج,19:45,3 - 2,2024-02-15
الدوري الأوروبي,شاختار دونيتسك,مارسيليا,19:45,2 - 2,2024-02-15
الدوري الأوروبي,ميلان,رين,22:00,3 - 0,2024-02-15
الدوري الأوروبي,لانس,فرايبورج,22:00,0 - 0,2024-02-15
الدوري الأوروبي,بنفيكا,تولوز,22:00,2 - 1,2024-02-15
الدوري الأوروبي,سبورتينج براجا,كاراباج اجدام,22:00,2 - 4,2024-02-15
دوري أبطال آسيا,أولسان هيونداي,فنتفوريت كوفو,12:00,3 - 0,2024-02-15
دوري أبطال آسيا,نافباخور نامانجان,الاتحاد,16:00,0 - 0,2024-02-15
دوري أبطال آسيا,سباهان اصفهان,الهلال,18:00,1 - 3,2024-02-15
الدوري السعودي,أبها,التعاون,16:00,1 - 1,2024-02-15
الدوري السعودي,الخليج,الاتفـــــاق,19:00,0 - 2,2024-02-15
دوري المؤتمر الأوروبي,شتورم جراتس,سلوفان براتيسلافا,19:45,4 - 1,2024-02-15
دوري المؤتمر الأوروبي,سان جيلواز,آ. فرانكفورت,19:45,2 - 2,2024-02-15
دوري المؤتمر الأوروبي,أوليمبياكوس,فيرينكفاروسي,19:45,1 - 0,2024-02-15
دوري المؤتمر الأوروبي,مولده,ليجيا وارسو,19:45,3 - 2,2024-02-15
دوري المؤتمر الأوروبي,مكابي حيفا,جينت,22:00,1 - 0,2024-02-15
دوري المؤتمر الأوروبي,سيرفيت جنيف,لودوجوريتس,22:00,0 - 0,2024-02-15
دوري المؤتمر الأوروبي,ريال بيتيس,دينامو زغرب,22:00,0 - 1,2024-02-15
دوري المؤتمر الأوروبي,أياكس امستردام,جليمت,22:00,2 - 2,2024-02-15
الدوري المغربي,مولودية وجدة,اتحاد طنجة,19:00,1 - 1,2024-02-15
الدوري المغربي,شباب المحمدية,يوسفية برشيد,21:00,2 - 2,2024-02-15
دوري أبطال إفريقيا,شباب بلوزداد,الأهلي,21:00,0 - 0,2024-02-16
الدوري الإسباني,فياريال,خيتافي,22:00,1 - 1,2024-02-16
الدوري السعودي,ضمك,الشباب,16:00,0 - 1,2024-02-16
الدوري السعودي,الأخدود,أهلي جدة,19:00,3 - 2,2024-02-16
الدوري السعودي,الوحدة,الطــائي,19:00,1 - 1,2024-02-16
الدوري الإيطالي,تورينو,ليتشي,20:00,2 - 0,2024-02-16
الدوري الإيطالي,إنتر ميلان,ساليرنيتانا,22:00,4 - 0,2024-02-16
الدوري الألماني,كولن,فيردر بريمن,21:30,0 - 1,2024-02-16
الدوري الفرنسي,ليون,نيس,22:00,1 - 0,2024-02-16
الدوري المغربي,حسنية اغادير,الفتح الرباطي,21:00,1 - 3,2024-02-16
الدوري التركي,قاسم باشا,فاتح كاراجومروك,19:00,1 - 1,2024-02-16
الدوري البرتغالي,فاماليكاو,ريو آفي,22:15,2 - 1,2024-02-16
الدوري الإنجليزي,برينتفورد,ليفربول,14:30,1 - 4,2024-02-17
الدوري الإنجليزي,نوتينجهام فورست,وست هام يونايتد,17:00,2 - 0,2024-02-17
الدوري الإنجليزي,فولهام,أستون فيلا,17:00,1 - 2,2024-02-17
الدوري الإنجليزي,نيوكاسل,بورنموث,17:00,2 - 2,2024-02-17
الدوري الإنجليزي,بيرنلي,أرسنال,17:00,0 - 5,2024-02-17
الدوري الإنجليزي,توتنهام هوتسبر,وولفرهامبتون,17:00,1 - 2,2024-02-17
الدوري الإنجليزي,مانشستر سيتي,تشيلسي,19:30,1 - 1,2024-02-17
الدوري الإسباني,اتلتيكو مدريد,لاس بالماس,15:00,5 - 0,2024-02-17
الدوري الإسباني,أوساسونا,قادش,17:15,2 - 0,2024-02-17
الدوري الإسباني,سيلتا فيجو,برشلونة,19:30,1 - 2,2024-02-17
الدوري الإسباني,فالنسيا,اشبيلية,22:00,0 - 0,2024-02-17
الدوري السعودي,الحزم,الفيحاء,16:00,1 - 3,2024-02-17
الدوري السعودي,النصر,الفتح,19:00,2 - 1,2024-02-17
الدوري الإيطالي,نابولي,جنوى,16:00,1 - 1,2024-02-17
الدوري الإيطالي,هيلاس فيرونا,يوفنتوس,19:00,2 - 2,2024-02-17
الدوري الإيطالي,أتالانتا,ساسولو,21:45,3 - 0,2024-02-17
الدوري الألماني,هايدنهايم,باير ليفركوزن,16:30,1 - 2,2024-02-17
الدوري الألماني,دارمشتات,شتوتجارت,16:30,1 - 2,2024-02-17
الدوري الألماني,هوفنهايم,يونيون برلين,16:30,0 - 1,2024-02-17
الدوري الألماني,فولفسبورج,بروسيا دورتموند,16:30,1 - 1,2024-02-17
الدوري الألماني,ماينز,أوجسبورج,16:30,1 - 0,2024-02-17
الدوري الألماني,لايبزيج,مونشنجلادباخ,19:30,2 - 0,2024-02-17
الدوري الفرنسي,ليل,لوهافر,18:00,3 - 0,2024-02-17
الدوري الفرنسي,نانت,باريس سان جيرمان,22:00,0 - 2,2024-02-17
الدوري المغربي,أولمبيك آسفي,الشباب الرياضي السالمي,17:00,1 - 0,2024-02-17
الدوري المغربي,الوداد البيضاوي,نهضة بركان,19:00,1 - 0,2024-02-17
الدوري المغربي,المغرب الفاسي,نهضة الزمامرة,19:00,2 - 3,2024-02-17
الدوري المغربي,الاتحاد التوركي,الرجاء البيضاوي,21:00,0 - 0,2024-02-17
دوري القسم الثاني-أ,السكة الحديد,بروكسي,15:00,2 - 0,2024-02-17
دوري القسم الثاني-أ,وادي دجلة,غزل المحلة,15:00,0 - 0,2024-02-17
دوري القسم الثاني-أ,حرس الحدود,راية الرياضي,15:00,1 - 1,2024-02-17
دوري القسم الثاني-أ,لافيينا أف سي,بتروجيت,15:00,1 - 1,2024-02-17
دوري القسم الثاني-أ,طنطا‏,القناة,15:00,1 - 0,2024-02-17
الدوري التركي,انطاليا سبور,إسطنبول سبور,12:30,2 - 2,2024-02-17
الدوري التركي,هاتاي سبور,سيفاسبور,15:00,1 - 1,2024-02-17
الدوري التركي,ريزه سبور,فنربخشة,18:00,1 - 3,2024-02-17
الدوري التونسي,البنزرتي,إتحاد بن قردان,15:00,2 - 0,2024-02-17
الدوري التونسي,اتحاد تطاوين,الأولمبي الباجي,15:00,0 - 0,2024-02-17
الدوري البرتغالي,شافيش,بوافيستا,17:30,2 - 1,2024-02-17
الدوري البرتغالي,بورتيمونينسي,فيتوريا جيماريش,20:00,1 - 1,2024-02-17
الدوري البرتغالي,بورتو,إستريلا,22:30,2 - 0,2024-02-17
الدوري المصري,إنبي,سموحة,16:00,0 - 0,2024-02-18
الدوري المصري,البنك الاهلي,زد,16:00,1 - 1,2024-02-18
الدوري المصري,بيراميدز,الاتحاد السكندري,19:00,1 - 0,2024-02-18
الدوري الإنجليزي,شيفيلد يونايتد,برايتون,16:00,0 - 5,2024-02-18
الدوري الإنجليزي,لوتون تاون,مانشستر يونايتد,18:30,1 - 2,2024-02-18
الدوري الإسباني,رايو فاييكانو,ريال مدريد,15:00,1 - 1,2024-02-18
الدوري الإسباني,غرناطه,الميريا,17:15,1 - 1,2024-02-18
الدوري الإسباني,مايوركا,ريال سوسيداد,19:30,1 - 2,2024-02-18
الدوري الإسباني,ريال بيتيس,ألافيس,22:00,0 - 0,2024-02-18
الدوري السعودي,الهلال,الرائد,16:00,3 - 1,2024-02-18
الدوري السعودي,الاتحاد,الرياض,19:00,2 - 0,2024-02-18
الدوري الإيطالي,لاتسيو,بولونيا,13:30,1 - 2,2024-02-18
الدوري الإيطالي,إمبولي,فيورنتينا,16:00,1 - 1,2024-02-18
الدوري الإيطالي,أودينيزي,كالياري,16:00,1 - 1,2024-02-18
الدوري الإيطالي,فروزينوني,روما,19:00,0 - 3,2024-02-18
الدوري الإيطالي,مونزا,ميلان,21:45,4 - 2,2024-02-18
الدوري الألماني,فرايبورج,آ. فرانكفورت,16:30,3 - 3,2024-02-18
الدوري الألماني,بوخوم,بايرن ميونيخ,18:30,3 - 2,2024-02-18
الدوري الفرنسي,ستراسبورج,لوريان,14:00,1 - 3,2024-02-18
الدوري الفرنسي,رين,كليرمونت,16:00,3 - 1,2024-02-18
الدوري الفرنسي,مونبيليه,ميتز,16:00,3 - 0,2024-02-18
الدوري الفرنسي,موناكو,تولوز,16:00,1 - 2,2024-02-18
الدوري الفرنسي,ريمس,لانس,18:05,1 - 1,2024-02-18
الدوري الفرنسي,بريست,مارسيليا,21:45,1 - 0,2024-02-18
الدوري المغربي,يوسفية برشيد,اتحاد طنجة,17:00,0 - 1,2024-02-18
الدوري المغربي,الجيش الملكي,مولودية وجدة,19:00,5 - 0,2024-02-18
الدوري المغربي,المغرب التطواني,شباب المحمدية,21:00,1 - 0,2024-02-18
الدوري التركي,ألانيا سبور,أضنة دمير سبور,12:30,3 - 3,2024-02-18
الدوري التركي,بينديكسبور,طرابزون سبور,15:00,0 - 2,2024-02-18
الدوري التركي,غازي عنتاب بي.بي.كي,سامسون سبور,15:00,1 - 1,2024-02-18
الدوري التركي,أنقرة جوتشو,جالاتا سراي,18:00,0 - 3,2024-02-18
الدوري التونسي,النجم الرياضي بالمتلوي,مستقبل المرسى,15:00,3 - 1,2024-02-18
الدوري التونسي,سليمان الرياضي,قوافل قفصة,15:00,2 - 0,2024-02-18
الدوري البرتغالي,كازا بيا,أروكا,17:30,1 - 0,2024-02-18
الدوري البرتغالي,إستوريل,جل فيسنتي,20:00,1 - 3,2024-02-18
الدوري البرتغالي,بنفيكا,فيزيلا,20:00,6 - 1,2024-02-18
الدوري البرتغالي,سبورتينج براجا,فيرنسي,22:30,2 - 1,2024-02-18
الدوري المصري,مودرن فيوتشر,المقاولون العرب,16:00,2 - 2,2024-02-19
الدوري المصري,الإسماعيلي,الزمالك,19:00,0 - 0,2024-02-19
الدوري الإنجليزي,ايفرتون,كريستال بالاس,22:00,1 - 1,2024-02-19
الدوري الإسباني,أتلتيك بلباو,جيرونا,22:00,3 - 2,2024-02-19
الدوري التركي,إسطنبول باشاكشهير,قيصري سبور,19:00,2 - 3,2024-02-19
الدوري التركي,بشكتاش,قونيا سبور,19:00,2 - 0,2024-02-19
الدوري البرتغالي,موريرنسي,سبورتينج لشبونة,22:15,0 - 2,2024-02-19
الدوري المصري,سيراميكا كليوباترا,الجونة,16:00,1 - 1,2024-02-20
الدوري المصري,الداخلية,فاركو,19:00,1 - 1,2024-02-20
الدوري المصري,المصري,بلدية المحلة,19:00,3 - 0,2024-02-20
الدوري الإنجليزي,مانشستر سيتي,برينتفورد,21:30,1 - 0,2024-02-20
دوري أبطال أوروبا,إنتر ميلان,اتلتيكو مدريد,22:00,1 - 0,2024-02-20
دوري أبطال أوروبا,إيندهوفن,بروسيا دورتموند,22:00,1 - 1,2024-02-20
دوري أبطال آسيا,كاواساكي فورنتال,شاندونج تايشان,10:00,2 - 4,2024-02-20
دوري أبطال آسيا,بوهانج,تشونبك هيونداي,12:00,1 - 1,2024-02-20
الدوري المغربي,الرجاء البيضاوي,حسنية اغادير,17:00,2 - 0,2024-02-20
الدوري المغربي,الشباب الرياضي السالمي,المغرب الفاسي,20:00,1 - 1,2024-02-20
دوري القسم الثاني-أ,جمهورية شبين,بترول أسيوط,15:00,0 - 0,2024-02-20
دوري القسم الثاني-أ,مكادي,النصر للتعدين,15:00,2 - 2,2024-02-20
دوري القسم الثاني-أ,أبو قير للاسمدة,النجوم,15:00,1 - 0,2024-02-20
دوري القسم الثاني-أ,مصر المقاصة,أسوان,15:00,1 - 2,2024-02-20
دوري القسم الثاني-أ,دكرنس,المصرية للاتصالات,15:00,0 - 0,2024-02-20
الدوري الإنجليزي,ليفربول,لوتون تاون,21:30,4 - 1,2024-02-21
دوري أبطال أوروبا,بورتو,أرسنال,22:00,1 - 0,2024-02-21
دوري أبطال أوروبا,نابولي,برشلونة,22:00,1 - 1,2024-02-21
دوري أبطال آسيا,فنتفوريت كوفو,أولسان هيونداي,11:00,1 - 2,2024-02-21
دوري أبطال آسيا,يوكوهاما مارينوس,بانكوك يونايتد,13:00,1 - 0,2024-02-21
دوري أبطال آسيا,العين,ناساف كارشي,18:00,2 - 1,2024-02-21
دوري أبطال آسيا,النصر,الفيحاء,20:00,2 - 0,2024-02-21
دوري المؤتمر الأوروبي,جينت,مكابي حيفا,19:00,1 - 1,2024-02-21
الدوري المغربي,الفتح الرباطي,المغرب التطواني,19:00,1 - 1,2024-02-21
الدوري المغربي,شباب المحمدية,أولمبيك آسفي,21:00,1 - 0,2024-02-21
الدوري الأوروبي,كاراباج اجدام,سبورتينج براجا,19:45,2 - 3,2024-02-22
الدوري الأوروبي,تولوز,بنفيكا,19:45,0 - 0,2024-02-22
الدوري الأوروبي,فرايبورج,لانس,19:45,3 - 2,2024-02-22
الدوري الأوروبي,رين,ميلان,19:45,3 - 2,2024-02-22
الدوري الأوروبي,مارسيليا,شاختار دونيتسك,22:00,3 - 1,2024-02-22
الدوري الأوروبي,سبارتا براج,جالاتا سراي,22:00,4 - 1,2024-02-22
الدوري الأوروبي,سبورتينج لشبونة,يونج بويز,22:00,1 - 1,2024-02-22
الدوري الأوروبي,روما,فينورد,22:00,1 - 1,2024-02-22
دوري أبطال آسيا,الاتحاد,نافباخور نامانجان,18:00,2 - 1,2024-02-22
دوري أبطال آسيا,الهلال,سباهان اصفهان,20:00,3 - 1,2024-02-22
دوري المؤتمر الأوروبي,دينامو زغرب,ريال بيتيس,19:45,1 - 1,2024-02-22
دوري المؤتمر الأوروبي,جليمت,أياكس امستردام,19:45,1 - 2,2024-02-22
دوري المؤتمر الأوروبي,لودوجوريتس,سيرفيت جنيف,19:45,0 - 1,2024-02-22
دوري المؤتمر الأوروبي,ليجيا وارسو,مولده,22:00,0 - 3,2024-02-22
دوري المؤتمر الأوروبي,فيرينكفاروسي,أوليمبياكوس,22:00,0 - 1,2024-02-22
دوري المؤتمر الأوروبي,آ. فرانكفورت,سان جيلواز,22:00,1 - 2,2024-02-22
دوري المؤتمر الأوروبي,سلوفان براتيسلافا,شتورم جراتس,22:00,0 - 1,2024-02-22
الدوري الإيطالي,تورينو,لاتسيو,21:45,0 - 2,2024-02-22
الدوري المغربي,اتحاد طنجة,الاتحاد التوركي,19:00,2 - 1,2024-02-22
الدوري المغربي,مولودية وجدة,يوسفية برشيد,21:00,1 - 1,2024-02-22
الدوري المصري,بلدية المحلة,سيراميكا كليوباترا,19:00,3 - 5,2024-02-23
دوري أبطال إفريقيا,الهلال السوداني,بترو أتليتكو,18:00,0 - 0,2024-02-23
دوري أبطال إفريقيا,ميدياما,الأهلي,18:00,0 - 1,2024-02-23
دوري أبطال إفريقيا,أسيك أبيدجـــــان,سيمبا,21:00,0 - 0,2024-02-23
الدوري الإسباني,ريال سوسيداد,فياريال,22:00,1 - 3,2024-02-23
تصفيات أفريقيا للسلة,كاب فيردي,أوغندا,12:00,78 - 73,2024-02-23
تصفيات أفريقيا للسلة,أنجولا,غينيا,15:00,76 - 70,2024-02-23
تصفيات أفريقيا للسلة,كوت ديفوار,مدغشقر,16:00,77 - 69,2024-02-23
تصفيات أفريقيا للسلة,تونس,كينيا,18:00,90 - 69,2024-02-23
تصفيات أفريقيا للسلة,مصر,أفريقيا الوسطى,19:00,76 - 61,2024-02-23
تصفيات أفريقيا للسلة,نيجيريا,ليبيا,21:00,82 - 89,2024-02-23
الدوري السعودي,التعاون,الأخدود,16:00,3 - 1,2024-02-23
الدوري السعودي,الرياض,الرائد,16:00,1 - 1,2024-02-23
الدوري السعودي,الفتح,ضمك,19:00,1 - 1,2024-02-23
الدوري الإيطالي,بولونيا,هيلاس فيرونا,21:45,2 - 0,2024-02-23
الدوري الألماني,باير ليفركوزن,ماينز,21:30,2 - 1,2024-02-23
الدوري الفرنسي,ميتز,ليون,22:00,1 - 2,2024-02-23
الدوري التركي,سامسون سبور,ريزه سبور,19:00,3 - 0,2024-02-23
الدوري البرتغالي,أروكا,فاماليكاو,22:15,3 - 2,2024-02-23
الدوري الإنجليزي,أستون فيلا,نوتينجهام فورست,17:00,4 - 2,2024-02-24
الدوري الإنجليزي,مانشستر يونايتد,فولهام,17:00,1 - 2,2024-02-24
الدوري الإنجليزي,برايتون,ايفرتون,17:00,1 - 1,2024-02-24
الدوري الإنجليزي,كريستال بالاس,بيرنلي,17:00,3 - 0,2024-02-24
الدوري الإنجليزي,بورنموث,مانشستر سيتي,19:30,0 - 1,2024-02-24
الدوري الإنجليزي,أرسنال,نيوكاسل,22:00,4 - 1,2024-02-24
دوري أبطال إفريقيا,مازيمبي,بيراميدز,15:00,3 - 0,2024-02-24
دوري أبطال إفريقيا,جوانينج جالاكسي,الوداد البيضاوي,15:00,0 - 1,2024-02-24
دوري أبطال إفريقيا,إف سي نواذيبو,ماميلودي صنداونز,18:00,0 - 2,2024-02-24
دوري أبطال إفريقيا,يانج افريكانز,شباب بلوزداد,18:00,4 - 0,2024-02-24
دوري أبطال إفريقيا,النجم الساحلى,الترجى الرياضي,21:00,0 - 2,2024-02-24
الدوري الإسباني,برشلونة,خيتافي,17:15,4 - 0,2024-02-24
الدوري الإسباني,ألافيس,مايوركا,19:30,1 - 1,2024-02-24
الدوري الإسباني,الميريا,اتلتيكو مدريد,22:00,2 - 2,2024-02-24
تصفيات أفريقيا للسلة,كينيا,أنجولا,12:00,58 - 88,2024-02-24
تصفيات أفريقيا للسلة,أوغندا,نيجيريا,15:00,72 - 62,2024-02-24
تصفيات أفريقيا للسلة,أفريقيا الوسطى,كوت ديفوار,16:00,67 - 93,2024-02-24
تصفيات أفريقيا للسلة,غينيا,تونس,18:00,78 - 85,2024-02-24
تصفيات أفريقيا للسلة,مدغشقر,مصر,19:00,66 - 97,2024-02-24
تصفيات أفريقيا للسلة,ليبيا,كاب فيردي,21:00,68 - 72,2024-02-24
الدوري السعودي,الطــائي,أهلي جدة,16:00,1 - 4,2024-02-24
الدوري السعودي,الحزم,الخليج,19:00,1 - 1,2024-02-24
الدوري الإيطالي,ساسولو,إمبولي,16:00,2 - 3,2024-02-24
الدوري الإيطالي,ساليرنيتانا,مونزا,19:00,0 - 2,2024-02-24
الدوري الإيطالي,جنوى,أودينيزي,21:45,2 - 0,2024-02-24
الدوري الألماني,مونشنجلادباخ,بوخوم,16:30,5 - 2,2024-02-24
الدوري الألماني,يونيون برلين,هايدنهايم,16:30,2 - 2,2024-02-24
الدوري الألماني,فيردر بريمن,دارمشتات,16:30,1 - 1,2024-02-24
الدوري الألماني,شتوتجارت,كولن,16:30,1 - 1,2024-02-24
الدوري الألماني,بايرن ميونيخ,لايبزيج,19:30,2 - 1,2024-02-24
الدوري الفرنسي,لوريان,نانت,18:00,0 - 1,2024-02-24
الدوري الفرنسي,ستراسبورج,بريست,22:00,0 - 3,2024-02-24
الدوري المغربي,الفتح الرباطي,الشباب الرياضي السالمي,17:00,1 - 0,2024-02-24
الدوري المغربي,المغرب التطواني,الرجاء البيضاوي,19:00,1 - 1,2024-02-24
الدوري المغربي,أولمبيك آسفي,نهضة الزمامرة,21:00,2 - 0,2024-02-24
دوري القسم الثاني-أ,بروكسي,حرس الحدود,15:00,0 - 1,2024-02-24
دوري القسم الثاني-أ,وادي دجلة,السكة الحديد,15:00,3 - 1,2024-02-24
دوري القسم الثاني-أ,راية الرياضي,لافيينا أف سي,15:00,2 - 1,2024-02-24
دوري القسم الثاني-أ,بتروجيت,طنطا‏,15:00,2 - 1,2024-02-24
دوري القسم الثاني-أ,غزل المحلة,القناة,17:30,2 - 0,2024-02-24
الدوري التركي,قيصري سبور,أنقرة جوتشو,12:30,3 - 2,2024-02-24
الدوري التركي,غازي عنتاب بي.بي.كي,إسطنبول باشاكشهير,15:00,0 - 2,2024-02-24
الدوري التركي,قونيا سبور,هاتاي سبور,18:00,2 - 0,2024-02-24
الدوري التركي,فنربخشة,قاسم باشا,18:00,2 - 1,2024-02-24
الدوري التونسي,قوافل قفصة,البنزرتي,15:00,1 - 0,2024-02-24
الدوري البرتغالي,فيرنسي,موريرنسي,17:30,0 - 1,2024-02-24
الدوري البرتغالي,إستريلا,شافيش,20:00,1 - 1,2024-02-24
الدوري البرتغالي,فيتوريا جيماريش,كازا بيا,22:30,0 - 2,2024-02-24
دوري نجوم قطر,نادي قطر,ام صلال,17:00,1 - 1,2024-02-24
دوري نجوم قطر,الغرافة,الأهلي القطري,19:00,1 - 2,2024-02-24
دوري نجوم قطر,المرخية الرياضي,معيذر,19:00,0 - 2,2024-02-24
الدوري الإماراتي,حتا,خورفكان,15:30,0 - 2,2024-02-24
الدوري الإماراتي,نادي الامارات,الوصل,15:30,0 - 2,2024-02-24
الدوري الإماراتي,الجــزيرة,النصر الإماراتي,18:00,2 - 3,2024-02-24
الدوري الإماراتي,الشــارقة,اتحاد كلباء,18:00,1 - 0,2024-02-24
الدوري المصري,فاركو,طلائع الجيش,16:00,1 - 1,2024-02-25
الدوري المصري,الاتحاد السكندري,البنك الاهلي,19:00,0 - 0,2024-02-25
الدوري الإنجليزي,وولفرهامبتون,شيفيلد يونايتد,15:30,1 - 0,2024-02-25
الدوري الإسباني,قادش,سيلتا فيجو,15:00,2 - 2,2024-02-25
الدوري الإسباني,ريال بيتيس,أتلتيك بلباو,17:15,3 - 1,2024-02-25
الدوري الإسباني,لاس بالماس,أوساسونا,19:30,1 - 1,2024-02-25
الدوري الإسباني,ريال مدريد,اشبيلية,22:00,1 - 0,2024-02-25
الكونفيدرالية الإفريقية,سوبر سبورت,مودرن فيوتشر,15:00,1 - 1,2024-02-25
الكونفيدرالية الإفريقية,الهلال الليبي,اتحاد العاصمة,18:00,2 - 1,2024-02-25
الكونفيدرالية الإفريقية,أبو سليم,الزمالك,18:00,1 - 2,2024-02-25
الكونفيدرالية الإفريقية,أكاديميكا لوبيتو,ريفرز يونايتد,18:00,2 - 3,2024-02-25
الكونفيدرالية الإفريقية,دريمز,الافريقي التونسي,18:00,1 - 0,2024-02-25
الكونفيدرالية الإفريقية,ستاد مالي,ديابل نوار,18:00,1 - 0,2024-02-25
الكونفيدرالية الإفريقية,سوار,ساجرادا اسبيرانسا,21:00,0 - 0,2024-02-25
الكونفيدرالية الإفريقية,سيخوخون يونايتد,نهضة بركان,21:00,0 - 0,2024-02-25
تصفيات أفريقيا للسلة,غينيا,كينيا,12:00,74 - 80,2024-02-25
تصفيات أفريقيا للسلة,ليبيا,أوغندا,15:00,71 - 59,2024-02-25
تصفيات أفريقيا للسلة,أفريقيا الوسطى,مدغشقر,16:00,69 - 76,2024-02-25
تصفيات أفريقيا للسلة,تونس,أنجولا,18:00,82 - 73,2024-02-25
تصفيات أفريقيا للسلة,كوت ديفوار,مصر,19:00,79 - 76,2024-02-25
تصفيات أفريقيا للسلة,كاب فيردي,نيجيريا,21:00,78 - 62,2024-02-25
الدوري السعودي,الفيحاء,أبها,16:00,3 - 2,2024-02-25
الدوري السعودي,الشباب,النصر,19:00,2 - 3,2024-02-25
الدوري الإيطالي,يوفنتوس,فروزينوني,13:30,3 - 2,2024-02-25
الدوري الإيطالي,كالياري,نابولي,16:00,1 - 1,2024-02-25
الدوري الإيطالي,ليتشي,إنتر ميلان,19:00,0 - 4,2024-02-25
الدوري الإيطالي,ميلان,أتالانتا,21:45,1 - 1,2024-02-25
الدوري الألماني,آ. فرانكفورت,فولفسبورج,16:30,2 - 2,2024-02-25
الدوري الألماني,بروسيا دورتموند,هوفنهايم,18:30,2 - 3,2024-02-25
الدوري الألماني,أوجسبورج,فرايبورج,20:30,2 - 1,2024-02-25
الدوري الفرنسي,لانس,موناكو,14:00,2 - 3,2024-02-25
الدوري الفرنسي,تولوز,ليل,16:00,3 - 1,2024-02-25
الدوري الفرنسي,نيس,كليرمونت,16:00,0 - 0,2024-02-25
الدوري الفرنسي,لوهافر,ريمس,16:00,1 - 2,2024-02-25
الدوري الفرنسي,باريس سان جيرمان,رين,18:05,1 - 1,2024-02-25
الدوري الفرنسي,مارسيليا,مونبيليه,21:45,4 - 1,2024-02-25
الدوري المغربي,حسنية اغادير,شباب المحمدية,17:00,2 - 0,2024-02-25
الدوري المغربي,الجيش الملكي,الاتحاد التوركي,19:00,3 - 0,2024-02-25
الدوري المغربي,المغرب الفاسي,مولودية وجدة,21:00,1 - 0,2024-02-25
الدوري التركي,سيفاسبور,بينديكسبور,12:30,4 - 1,2024-02-25
الدوري التركي,فاتح كاراجومروك,ألانيا سبور,15:00,1 - 1,2024-02-25
الدوري التركي,طرابزون سبور,أضنة دمير سبور,15:00,1 - 0,2024-02-25
الدوري التركي,إسطنبول سبور,بشكتاش,18:00,0 - 2,2024-02-25
الدوري التونسي,مستقبل المرسى,سليمان الرياضي,15:00,0 - 1,2024-02-25
الدوري التونسي,إتحاد بن قردان,اتحاد تطاوين,15:00,0 - 0,2024-02-25
الدوري التونسي,الأولمبي الباجي,النجم الرياضي بالمتلوي,15:00,2 - 1,2024-02-25
الدوري البرتغالي,فيزيلا,إستوريل,17:30,3 - 3,2024-02-25
الدوري البرتغالي,بنفيكا,بورتيمونينسي,20:00,4 - 0,2024-02-25
الدوري البرتغالي,جل فيسنتي,بورتو,20:00,1 - 1,2024-02-25
الدوري البرتغالي,ريو آفي,سبورتينج لشبونة,22:30,3 - 3,2024-02-25
دوري نجوم قطر,الوكرة,السد القطري,17:00,0 - 0,2024-02-25
دوري نجوم قطر,الدحيل,العربي,19:00,2 - 2,2024-02-25
دوري نجوم قطر,الريان,الشمال,19:00,2 - 1,2024-02-25
الدوري الإماراتي,شباب الأهلي,عجمان,15:30,3 - 0,2024-02-25
الدوري الإماراتي,البطائح,الوحـــدة,15:30,1 - 2,2024-02-25
الدوري الإماراتي,بني ياس,العين,18:00,0 - 1,2024-02-25
الدوري المصري,الجونة,الإسماعيلي,16:00,0 - 0,2024-02-26
الدوري المصري,زد,إنبي,16:00,0 - 1,2024-02-26
الدوري المصري,المقاولون العرب,المصري,19:00,0 - 1,2024-02-26
الدوري الإنجليزي,وست هام يونايتد,برينتفورد,22:00,4 - 2,2024-02-26
كأس الاتحاد الإنجليزي,كوفنتري سيتي,ميدستون يونايتد,21:45,5 - 0,2024-02-26
الدوري الإسباني,جيرونا,رايو فاييكانو,22:00,3 - 0,2024-02-26
الدوري السعودي,الاتفـــــاق,الهلال,16:00,0 - 2,2024-02-26
الدوري السعودي,الاتحاد,الوحدة,19:00,2 - 1,2024-02-26
الدوري الإيطالي,روما,تورينو,19:30,3 - 2,2024-02-26
الدوري الإيطالي,فيورنتينا,لاتسيو,21:45,2 - 1,2024-02-26
الدوري التركي,جالاتا سراي,انطاليا سبور,19:00,2 - 1,2024-02-26
الدوري البرتغالي,بوافيستا,سبورتينج براجا,22:15,0 - 4,2024-02-26
الدوري المصري,الأهلي,بلدية المحلة,19:00,5 - 1,2024-02-27
كأس الاتحاد الإنجليزي,بورنموث,ليستر سيتي,21:30,0 - 1,2024-02-27
كأس الاتحاد الإنجليزي,بلاكبيـرن  روفرز,نيوكاسل,21:45,1 - 1,2024-02-27
كأس الاتحاد الإنجليزي,لوتون تاون,مانشستر سيتي,22:00,2 - 6,2024-02-27
كأس ملك أسبانيا,ريال سوسيداد,مايوركا,22:30,1 - 1,2024-02-27
كأس فرنسا,ليون,ستراسبورج,21:45,0 - 0,2024-02-27
دوري القسم الثاني-أ,بترول أسيوط,أبو قير للاسمدة,15:00,1 - 1,2024-02-27
دوري القسم الثاني-أ,مكادي,جمهورية شبين,15:00,2 - 1,2024-02-27
دوري القسم الثاني-أ,النجوم,مصر المقاصة,15:00,3 - 2,2024-02-27
دوري القسم الثاني-أ,أسوان,دكرنس,15:00,1 - 0,2024-02-27
دوري القسم الثاني-أ,النصر للتعدين,المصرية للاتصالات,15:00,0 - 1,2024-02-27
كأس الاتحاد الإنجليزي,تشيلسي,ليدز يونايتد,21:30,3 - 2,2024-02-28
كأس الاتحاد الإنجليزي,نوتينجهام فورست,مانشستر يونايتد,21:45,0 - 1,2024-02-28
كأس الاتحاد الإنجليزي,وولفرهامبتون,برايتون,21:45,1 - 0,2024-02-28
كأس الاتحاد الإنجليزي,ليفربول,ساوثامبتون,22:00,3 - 0,2024-02-28
كأس فرنسا,روان,فالينسيان,20:00,1 - 1,2024-02-28
الدوري الإيطالي,ساسولو,نابولي,19:00,1 - 6,2024-02-28
الدوري الإيطالي,إنتر ميلان,أتالانتا,21:45,4 - 0,2024-02-28
الدوري المصري,الزمالك,الداخلية,19:00,1 - 0,2024-02-29
الدوري المصري,سموحة,مودرن فيوتشر,19:00,1 - 1,2024-02-29
كأس ملك أسبانيا,أتلتيك بلباو,اتلتيكو مدريد,22:30,3 - 0,2024-02-29
الدوري السعودي,الرائد,الفيحاء,16:00,1 - 2,2024-02-29
الدوري السعودي,الوحدة,التعاون,16:00,3 - 3,2024-02-29
الدوري السعودي,النصر,الحزم,19:00,4 - 4,2024-02-29
كأس فرنسا,لو بوي فوت 43,رين,21:45,1 - 3,2024-02-29
دوري نجوم قطر,الشمال,معيذر,17:00,0 - 0,2024-02-29
دوري نجوم قطر,الوكرة,المرخية الرياضي,19:00,1 - 2,2024-02-29
دوري نجوم قطر,الأهلي القطري,ام صلال,19:00,1 - 2,2024-02-29
الدوري الإماراتي,العين,حتا,15:35,5 - 3,2024-02-29
الدوري الإماراتي,اتحاد كلباء,البطائح,18:15,1 - 2,2024-02-29
الدوري المصري,فاركو,البنك الاهلي,16:00,2 - 1,2024-03-01
الدوري المصري,سيراميكا كليوباترا,المقاولون العرب,19:00,2 - 0,2024-03-01
دوري أبطال إفريقيا,الأهلي,يانج افريكانز,18:00,1 - 0,2024-03-01
دوري أبطال إفريقيا,شباب بلوزداد,ميدياما,18:00,3 - 0,2024-03-01
الدوري الإسباني,سيلتا فيجو,الميريا,22:00,1 - 0,2024-03-01
الدوري السعودي,أبها,الطــائي,16:00,2 - 0,2024-03-01
الدوري السعودي,الأخدود,الرياض,16:00,1 - 2,2024-03-01
الدوري السعودي,الهلال,الاتحاد,19:00,3 - 1,2024-03-01
الدوري الإيطالي,لاتسيو,ميلان,21:45,0 - 1,2024-03-01
الدوري الألماني,فرايبورج,بايرن ميونيخ,21:30,2 - 2,2024-03-01
الدوري الفرنسي,موناكو,باريس سان جيرمان,22:00,0 - 0,2024-03-01
الدوري المغربي,شباب المحمدية,الفتح الرباطي,19:00,0 - 1,2024-03-01
الدوري المغربي,الاتحاد التوركي,يوسفية برشيد,21:00,3 - 2,2024-03-01
دوري القسم الثاني-أ,لافيينا أف سي,بروكسي,15:30,2 - 0,2024-03-01
دوري القسم الثاني-أ,السكة الحديد,غزل المحلة,15:30,1 - 1,2024-03-01
دوري القسم الثاني-أ,طنطا‏,راية الرياضي,15:30,3 - 0,2024-03-01
دوري القسم الثاني-أ,القناة,بتروجيت,15:30,0 - 1,2024-03-01
دوري القسم الثاني-أ,حرس الحدود,وادي دجلة,19:00,1 - 1,2024-03-01
الدوري التركي,قاسم باشا,سيفاسبور,19:00,0 - 0,2024-03-01
الدوري البرتغالي,شافيش,أروكا,22:15,1 - 5,2024-03-01
دوري نجوم قطر,السد القطري,نادي قطر,17:00,3 - 0,2024-03-01
دوري نجوم قطر,الدحيل,الغرافة,17:00,1 - 4,2024-03-01
دوري نجوم قطر,العربي,الريان,19:00,2 - 3,2024-03-01
الدوري الإماراتي,خورفكان,شباب الأهلي,15:35,0 - 3,2024-03-01
الدوري الإماراتي,عجمان,نادي الامارات,15:35,2 - 0,2024-03-01
الدوري الإماراتي,الوصل,الشــارقة,18:15,2 - 0,2024-03-01
الدوري المصري,الإسماعيلي,بلدية المحلة,19:00,0 - 1,2024-03-02
الدوري الإنجليزي,ايفرتون,وست هام يونايتد,17:00,1 - 3,2024-03-02
الدوري الإنجليزي,نيوكاسل,وولفرهامبتون,17:00,3 - 0,2024-03-02
الدوري الإنجليزي,توتنهام هوتسبر,كريستال بالاس,17:00,3 - 1,2024-03-02
الدوري الإنجليزي,فولهام,برايتون,17:00,3 - 0,2024-03-02
الدوري الإنجليزي,نوتينجهام فورست,ليفربول,17:00,0 - 1,2024-03-02
الدوري الإنجليزي,برينتفورد,تشيلسي,17:00,2 - 2,2024-03-02
الدوري الإنجليزي,لوتون تاون,أستون فيلا,19:30,2 - 3,2024-03-02
دوري أبطال إفريقيا,ماميلودي صنداونز,مازيمبي,15:00,1 - 0,2024-03-02
دوري أبطال إفريقيا,بيراميدز,إف سي نواذيبو,15:00,2 - 2,2024-03-02
دوري أبطال إفريقيا,الوداد البيضاوي,أسيك أبيدجـــــان,18:00,1 - 0,2024-03-02
دوري أبطال إفريقيا,سيمبا,جوانينج جالاكسي,18:00,6 - 0,2024-03-02
دوري أبطال إفريقيا,الترجى الرياضي,الهلال السوداني,21:00,1 - 0,2024-03-02
دوري أبطال إفريقيا,بترو أتليتكو,النجم الساحلى,21:00,2 - 0,2024-03-02
الدوري الإسباني,اشبيلية,ريال سوسيداد,15:00,3 - 2,2024-03-02
الدوري الإسباني,رايو فاييكانو,قادش,17:15,1 - 1,2024-03-02
الدوري الإسباني,خيتافي,لاس بالماس,19:30,3 - 3,2024-03-02
الدوري الإسباني,فالنسيا,ريال مدريد,22:00,2 - 2,2024-03-02
الدوري السعودي,الخليج,الشباب,16:00,0 - 0,2024-03-02
الدوري السعودي,ضمك,الاتفـــــاق,16:00,0 - 2,2024-03-02
الدوري السعودي,أهلي جدة,الفتح,19:00,1 - 1,2024-03-02
الدوري الإيطالي,أودينيزي,ساليرنيتانا,16:00,1 - 1,2024-03-02
الدوري الإيطالي,مونزا,روما,19:00,1 - 4,2024-03-02
الدوري الإيطالي,تورينو,فيورنتينا,21:45,0 - 0,2024-03-02
الدوري الألماني,يونيون برلين,بروسيا دورتموند,16:30,0 - 2,2024-03-02
الدوري الألماني,ماينز,مونشنجلادباخ,16:30,1 - 1,2024-03-02
الدوري الألماني,بوخوم,لايبزيج,16:30,1 - 4,2024-03-02
الدوري الألماني,دارمشتات,أوجسبورج,16:30,0 - 6,2024-03-02
الدوري الألماني,هايدنهايم,آ. فرانكفورت,16:30,1 - 2,2024-03-02
الدوري الألماني,فولفسبورج,شتوتجارت,19:30,2 - 3,2024-03-02
الدوري الفرنسي,ريمس,ليل,18:00,0 - 1,2024-03-02
الدوري الفرنسي,كليرمونت,مارسيليا,22:00,1 - 5,2024-03-02
الدوري المغربي,اتحاد طنجة,الجيش الملكي,19:00,1 - 2,2024-03-02
الدوري المغربي,نهضة الزمامرة,حسنية اغادير,21:00,3 - 0,2024-03-02
الدوري التركي,أنقرة جوتشو,إسطنبول سبور,12:30,1 - 1,2024-03-02
الدوري التركي,ريزه سبور,قيصري سبور,15:00,3 - 0,2024-03-02
الدوري التركي,هاتاي سبور,فنربخشة,18:00,0 - 2,2024-03-02
الدوري التونسي,اتحاد تطاوين,قوافل قفصة,15:30,1 - 0,2024-03-02
الدوري التونسي,البنزرتي,سليمان الرياضي,15:30,2 - 0,2024-03-02
الدوري البرتغالي,موريرنسي,ريو آفي,17:30,0 - 0,2024-03-02
الدوري البرتغالي,إستوريل,فيتوريا جيماريش,20:00,1 - 3,2024-03-02
الدوري البرتغالي,سبورتينج براجا,إستريلا,22:30,3 - 0,2024-03-02
الدوري الإماراتي,النصر الإماراتي,بني ياس,15:35,1 - 0,2024-03-02
الدوري الإماراتي,الوحـــدة,الجــزيرة,18:15,3 - 2,2024-03-02
الدوري المصري,إنبي,الاتحاد السكندري,19:00,1 - 2,2024-03-03
الدوري الإنجليزي,بيرنلي,بورنموث,15:00,0 - 2,2024-03-03
الدوري الإنجليزي,مانشستر سيتي,مانشستر يونايتد,17:30,3 - 1,2024-03-03
الدوري الإسباني,فياريال,غرناطه,15:00,5 - 1,2024-03-03
الدوري الإسباني,اتلتيكو مدريد,ريال بيتيس,17:15,2 - 1,2024-03-03
الدوري الإسباني,مايوركا,جيرونا,19:30,1 - 0,2024-03-03
الدوري الإسباني,أتلتيك بلباو,برشلونة,22:00,0 - 0,2024-03-03
الكونفيدرالية الإفريقية,ديابل نوار,سيخوخون يونايتد,15:00,0 - 0,2024-03-03
الكونفيدرالية الإفريقية,اتحاد العاصمة,سوبر سبورت,18:00,2 - 1,2024-03-03
الكونفيدرالية الإفريقية,مودرن فيوتشر,الهلال الليبي,18:00,5 - 0,2024-03-03
الكونفيدرالية الإفريقية,ريفرز يونايتد,دريمز,18:00,2 - 1,2024-03-03
الكونفيدرالية الإفريقية,الافريقي التونسي,أكاديميكا لوبيتو,18:00,1 - 1,2024-03-03
الكونفيدرالية الإفريقية,الزمالك,سوار,21:00,3 - 0,2024-03-03
الكونفيدرالية الإفريقية,ساجرادا اسبيرانسا,أبو سليم,21:00,3 - 0,2024-03-03
الكونفيدرالية الإفريقية,نهضة بركان,ستاد مالي,21:00,3 - 0,2024-03-03
الدوري الإيطالي,هيلاس فيرونا,ساسولو,13:30,1 - 0,2024-03-03
الدوري الإيطالي,إمبولي,كالياري,16:00,0 - 1,2024-03-03
الدوري الإيطالي,فروزينوني,ليتشي,16:00,1 - 1,2024-03-03
الدوري الإيطالي,أتالانتا,بولونيا,19:00,1 - 2,2024-03-03
الدوري الإيطالي,نابولي,يوفنتوس,21:45,2 - 1,2024-03-03
الدوري الألماني,كولن,باير ليفركوزن,16:30,0 - 2,2024-03-03
الدوري الألماني,هوفنهايم,فيردر بريمن,18:30,2 - 1,2024-03-03
الدوري الفرنسي,تولوز,نيس,14:00,2 - 1,2024-03-03
الدوري الفرنسي,مونبيليه,ستراسبورج,16:00,2 - 2,2024-03-03
الدوري الفرنسي,بريست,لوهافر,16:00,1 - 0,2024-03-03
الدوري الفرنسي,نانت,ميتز,16:00,0 - 2,2024-03-03
الدوري الفرنسي,رين,لوريان,18:05,1 - 2,2024-03-03
الدوري الفرنسي,ليون,لانس,21:45,0 - 3,2024-03-03
الدوري المغربي,الشباب الرياضي السالمي,المغرب التطواني,17:00,1 - 2,2024-03-03
الدوري المغربي,الرجاء البيضاوي,أولمبيك آسفي,19:00,1 - 0,2024-03-03
الدوري التركي,إسطنبول باشاكشهير,سامسون سبور,12:30,1 - 0,2024-03-03
الدوري التركي,بينديكسبور,قونيا سبور,12:30,0 - 2,2024-03-03
الدوري التركي,بشكتاش,جالاتا سراي,18:00,0 - 1,2024-03-03
الدوري التونسي,النجم الرياضي بالمتلوي,إتحاد بن قردان,15:30,3 - 1,2024-03-03
الدوري التونسي,الأولمبي الباجي,مستقبل المرسى,15:30,3 - 0,2024-03-03
الدوري البرتغالي,بورتيمونينسي,فيزيلا,17:30,0 - 0,2024-03-03
الدوري البرتغالي,كازا بيا,جل فيسنتي,17:30,0 - 0,2024-03-03
الدوري البرتغالي,سبورتينج لشبونة,فيرنسي,20:00,3 - 2,2024-03-03
الدوري البرتغالي,بورتو,بنفيكا,22:30,5 - 0,2024-03-03
الدوري الإنجليزي,شيفيلد يونايتد,أرسنال,22:00,0 - 6,2024-03-04
الدوري الإسباني,أوساسونا,ألافيس,22:00,1 - 0,2024-03-04
دوري أبطال آسيا,العين,النصر,18:00,1 - 0,2024-03-04
الدوري الإيطالي,إنتر ميلان,جنوى,21:45,2 - 1,2024-03-04
الدوري التركي,أضنة دمير سبور,فاتح كاراجومروك,16:00,1 - 0,2024-03-04
الدوري التركي,ألانيا سبور,طرابزون سبور,19:00,3 - 1,2024-03-04
الدوري التركي,انطاليا سبور,غازي عنتاب بي.بي.كي,19:00,1 - 0,2024-03-04
الدوري البرتغالي,فاماليكاو,بوافيستا,22:15,1 - 1,2024-03-04
الدوري المصري,طلائع الجيش,الداخلية,16:00,0 - 0,2024-03-05
الدوري المصري,المصري,سموحة,19:00,2 - 0,2024-03-05
دوري أبطال أوروبا,بايرن ميونيخ,لاتسيو,22:00,3 - 0,2024-03-05
دوري أبطال أوروبا,ريال سوسيداد,باريس سان جيرمان,22:00,1 - 2,2024-03-05
دوري أبطال آسيا,تشونبك هيونداي,أولسان هيونداي,12:00,1 - 1,2024-03-05
دوري أبطال آسيا,الهلال,الاتحاد,20:00,2 - 0,2024-03-05
الدوري المغربي,نهضة الزمامرة,الوداد البيضاوي,19:00,0 - 0,2024-03-05
دوري القسم الثاني-أ,مصر المقاصة,بترول أسيوط,15:30,1 - 2,2024-03-05
دوري القسم الثاني-أ,أبو قير للاسمدة,مكادي,15:30,2 - 1,2024-03-05
دوري القسم الثاني-أ,جمهورية شبين,النصر للتعدين,15:30,2 - 1,2024-03-05
دوري القسم الثاني-أ,دكرنس,النجوم,15:30,4 - 0,2024-03-05
دوري القسم الثاني-أ,المصرية للاتصالات,أسوان,15:30,1 - 0,2024-03-05
الدوري التونسي,الترجى الرياضي,الملعب التونسي,18:00,2 - 0,2024-03-05
دوري نجوم قطر,الدحيل,المرخية الرياضي,17:00,0 - 0,2024-03-05
دوري نجوم قطر,معيذر,الأهلي القطري,19:00,1 - 1,2024-03-05
دوري نجوم قطر,ام صلال,الشمال,19:00,3 - 4,2024-03-05
الدوري المصري,بيراميدز,فاركو,19:00,1 - 1,2024-03-06
دوري أبطال أوروبا,ريال مدريد,لايبزيج,22:00,1 - 1,2024-03-06
دوري أبطال أوروبا,مانشستر سيتي,كوبنهاجن,22:00,3 - 1,2024-03-06
الدوري الأوروبي,سبورتينج لشبونة,أتالانتا,19:45,1 - 1,2024-03-06
دوري أبطال آسيا,شاندونج تايشان,يوكوهاما مارينوس,12:00,1 - 2,2024-03-06
الدوري المغربي,نهضة بركان,الجيش الملكي,19:00,1 - 2,2024-03-06
دوري القسم الثاني-أ,بروكسي,طنطا‏,15:30,1 - 0,2024-03-06
دوري القسم الثاني-أ,وادي دجلة,لافيينا أف سي,15:30,1 - 2,2024-03-06
دوري القسم الثاني-أ,السكة الحديد,حرس الحدود,15:30,0 - 0,2024-03-06
دوري القسم الثاني-أ,راية الرياضي,القناة,15:30,1 - 0,2024-03-06
دوري القسم الثاني-أ,غزل المحلة,بتروجيت,18:00,2 - 2,2024-03-06
الدوري التونسي,الصفاقســــي,الافريقي التونسي,18:00,0 - 0,2024-03-06
الدوري التونسي,الإتحاد المنستيري,النجم الساحلى,18:00,0 - 0,2024-03-06
دوري نجوم قطر,نادي قطر,العربي,17:00,3 - 4,2024-03-06
دوري نجوم قطر,الريان,الوكرة,19:00,3 - 0,2024-03-06
دوري نجوم قطر,الغرافة,السد القطري,19:00,2 - 2,2024-03-06
الدوري المصري,مودرن فيوتشر,زد,19:00,0 - 0,2024-03-07
الدوري الأوروبي,روما,برايتون,19:45,4 - 0,2024-03-07
الدوري الأوروبي,كاراباج اجدام,باير ليفركوزن,19:45,2 - 2,2024-03-07
الدوري الأوروبي,سبارتا براج,ليفربول,19:45,1 - 5,2024-03-07
الدوري الأوروبي,بنفيكا,جلاسكو رينجرز,22:00,2 - 2,2024-03-07
الدوري الأوروبي,فرايبورج,وست هام يونايتد,22:00,1 - 0,2024-03-07
الدوري الأوروبي,مارسيليا,فياريال,22:00,4 - 0,2024-03-07
الدوري الأوروبي,ميلان,سلافيا براج,22:00,4 - 2,2024-03-07
الدوري السعودي,الشباب,الفيحاء,16:00,2 - 3,2024-03-07
الدوري السعودي,ضمك,الوحدة,16:00,1 - 0,2024-03-07
الدوري السعودي,النصر,الرائد,19:00,1 - 3,2024-03-07
دوري المؤتمر الأوروبي,شتورم جراتس,ليل,19:45,0 - 3,2024-03-07
دوري المؤتمر الأوروبي,أوليمبياكوس,مكابى تل ابيب,19:45,1 - 4,2024-03-07
دوري المؤتمر الأوروبي,أياكس امستردام,أستون فيلا,19:45,0 - 0,2024-03-07
دوري المؤتمر الأوروبي,مولده,كلوب بروج,19:45,2 - 1,2024-03-07
دوري المؤتمر الأوروبي,سيرفيت جنيف,فيكتوريا بلزن,22:00,0 - 0,2024-03-07
دوري المؤتمر الأوروبي,سان جيلواز,فنربخشة,22:00,0 - 3,2024-03-07
دوري المؤتمر الأوروبي,دينامو زغرب,باوك سالونيكا,22:00,2 - 0,2024-03-07
دوري المؤتمر الأوروبي,مكابي حيفا,فيورنتينا,22:00,3 - 4,2024-03-07
الدوري المصري,بلدية المحلة,الجونة,16:00,1 - 2,2024-03-08
كأس مصر,الزمالك,الأهلي,19:30,0 - 2,2024-03-08
الدوري الإسباني,برشلونة,مايوركا,22:00,1 - 0,2024-03-08
الدوري السعودي,الرياض,الهلال,16:00,1 - 3,2024-03-08
الدوري السعودي,الطــائي,الحزم,16:00,1 - 0,2024-03-08
الدوري السعودي,الاتحاد,الأخدود,19:00,2 - 1,2024-03-08
الدوري الإيطالي,نابولي,تورينو,21:45,1 - 1,2024-03-08
الدوري الألماني,شتوتجارت,يونيون برلين,21:30,2 - 0,2024-03-08
الدوري الفرنسي,نيس,مونبيليه,22:00,1 - 2,2024-03-08
الدوري المغربي,شباب المحمدية,الشباب الرياضي السالمي,20:00,0 - 1,2024-03-08
الدوري التركي,جالاتا سراي,ريزه سبور,19:00,6 - 2,2024-03-08
الدوري البرتغالي,بورتيمونينسي,بورتو,20:45,0 - 3,2024-03-08
الدوري البرتغالي,إستريلا,كازا بيا,22:45,3 - 1,2024-03-08
الدوري المصري,المقاولون العرب,الإسماعيلي,16:00,1 - 1,2024-03-09
الدوري الإنجليزي,مانشستر يونايتد,ايفرتون,14:30,2 - 0,2024-03-09
الدوري الإنجليزي,بورنموث,شيفيلد يونايتد,17:00,2 - 2,2024-03-09
الدوري الإنجليزي,كريستال بالاس,لوتون تاون,17:00,1 - 1,2024-03-09
الدوري الإنجليزي,وولفرهامبتون,فولهام,17:00,2 - 1,2024-03-09
الدوري الإنجليزي,أرسنال,برينتفورد,19:30,2 - 1,2024-03-09
الدوري الإسباني,فالنسيا,خيتافي,15:00,1 - 0,2024-03-09
الدوري الإسباني,قادش,اتلتيكو مدريد,17:15,2 - 0,2024-03-09
الدوري الإسباني,غرناطه,ريال سوسيداد,19:30,2 - 3,2024-03-09
الدوري الإسباني,جيرونا,أوساسونا,22:00,2 - 0,2024-03-09
الدوري الأفريقي لكرة السلة,بترو دي لواندا,نادي الفتح الرياضي,16:00,73 - 82,2024-03-09
الدوري السعودي,الفتح,الخليج,16:00,1 - 2,2024-03-09
الدوري السعودي,الاتفـــــاق,أبها,16:00,3 - 0,2024-03-09
الدوري السعودي,التعاون,أهلي جدة,19:00,0 - 1,2024-03-09
الدوري الإيطالي,ساسولو,فروزينوني,16:00,1 - 0,2024-03-09
الدوري الإيطالي,كالياري,ساليرنيتانا,16:00,4 - 2,2024-03-09
الدوري الإيطالي,بولونيا,إنتر ميلان,19:00,0 - 1,2024-03-09
الدوري الإيطالي,جنوى,مونزا,21:45,2 - 3,2024-03-09
الدوري الألماني,لايبزيج,دارمشتات,16:30,2 - 0,2024-03-09
الدوري الألماني,بايرن ميونيخ,ماينز,16:30,8 - 1,2024-03-09
الدوري الألماني,أوجسبورج,هايدنهايم,16:30,1 - 0,2024-03-09
الدوري الألماني,مونشنجلادباخ,كولن,16:30,3 - 3,2024-03-09
الدوري الألماني,فيردر بريمن,بروسيا دورتموند,19:30,1 - 2,2024-03-09
الدوري الفرنسي,لوريان,ليون,18:00,0 - 2,2024-03-09
الدوري الفرنسي,لانس,بريست,22:00,1 - 0,2024-03-09
الدوري المغربي,الوداد البيضاوي,الاتحاد التوركي,17:00,0 - 0,2024-03-09
الدوري المغربي,أولمبيك آسفي,مولودية وجدة,19:00,3 - 1,2024-03-09
الدوري المغربي,المغرب الفاسي,اتحاد طنجة,21:00,2 - 1,2024-03-09
الدوري التركي,سيفاسبور,ألانيا سبور,12:30,1 - 2,2024-03-09
الدوري التركي,قونيا سبور,أضنة دمير سبور,15:00,2 - 2,2024-03-09
الدوري التركي,إسطنبول باشاكشهير,انطاليا سبور,18:00,1 - 0,2024-03-09
الدوري التركي,طرابزون سبور,فاتح كاراجومروك,18:00,5 - 1,2024-03-09
الدوري التونسي,قوافل قفصة,النجم الرياضي بالمتلوي,15:30,1 - 0,2024-03-09
الدوري التونسي,البنزرتي,مستقبل المرسى,15:30,1 - 0,2024-03-09
الدوري التونسي,الافريقي التونسي,الإتحاد المنستيري,18:00,1 - 0,2024-03-09
الدوري البرتغالي,فيزيلا,فيرنسي,17:30,2 - 1,2024-03-09
الدوري البرتغالي,ريو آفي,سبورتينج براجا,20:00,0 - 0,2024-03-09
الدوري البرتغالي,بوافيستا,موريرنسي,20:00,1 - 0,2024-03-09
الدوري البرتغالي,فيتوريا جيماريش,فاماليكاو,22:30,1 - 0,2024-03-09
الدوري المصري,سموحة,سيراميكا كليوباترا,16:00,1 - 0,2024-03-10
الدوري المصري,الداخلية,بيراميدز,16:00,0 - 2,2024-03-10
الدوري الإنجليزي,أستون فيلا,توتنهام هوتسبر,15:00,0 - 4,2024-03-10
الدوري الإنجليزي,وست هام يونايتد,بيرنلي,16:00,2 - 2,2024-03-10
الدوري الإنجليزي,برايتون,نوتينجهام فورست,16:00,1 - 0,2024-03-10
الدوري الإنجليزي,ليفربول,مانشستر سيتي,17:45,1 - 1,2024-03-10
الدوري الإسباني,ألافيس,رايو فاييكانو,15:00,1 - 0,2024-03-10
الدوري الإسباني,لاس بالماس,أتلتيك بلباو,17:15,0 - 2,2024-03-10
الدوري الإسباني,ريال مدريد,سيلتا فيجو,19:30,4 - 0,2024-03-10
الدوري الإسباني,ريال بيتيس,فياريال,22:00,2 - 3,2024-03-10
الدوري الأفريقي لكرة السلة,بترو دي لواندا,كيب تاون تايجرز,19:00,100 - 88,2024-03-10
الدوري الإيطالي,ليتشي,هيلاس فيرونا,13:30,0 - 1,2024-03-10
الدوري الإيطالي,ميلان,إمبولي,16:00,1 - 0,2024-03-10
الدوري الإيطالي,يوفنتوس,أتالانتا,19:00,2 - 2,2024-03-10
الدوري الإيطالي,فيورنتينا,روما,21:45,2 - 2,2024-03-10
الدوري الألماني,بوخوم,فرايبورج,16:30,1 - 2,2024-03-10
الدوري الألماني,آ. فرانكفورت,هوفنهايم,18:30,3 - 1,2024-03-10
الدوري الألماني,باير ليفركوزن,فولفسبورج,20:30,2 - 0,2024-03-10
الدوري الفرنسي,باريس سان جيرمان,ريمس,14:00,2 - 2,2024-03-10
الدوري الفرنسي,ستراسبورج,موناكو,16:00,0 - 1,2024-03-10
الدوري الفرنسي,ميتز,كليرمونت,16:00,1 - 0,2024-03-10
الدوري الفرنسي,لوهافر,تولوز,16:00,1 - 0,2024-03-10
الدوري الفرنسي,ليل,رين,18:05,2 - 2,2024-03-10
الدوري الفرنسي,مارسيليا,نانت,21:45,2 - 0,2024-03-10
الدوري المغربي,المغرب التطواني,نهضة الزمامرة,17:00,0 - 1,2024-03-10
الدوري المغربي,حسنية اغادير,نهضة بركان,17:00,0 - 2,2024-03-10
الدوري المغربي,الفتح الرباطي,الرجاء البيضاوي,19:00,0 - 1,2024-03-10
الدوري المغربي,يوسفية برشيد,الجيش الملكي,21:00,0 - 2,2024-03-10
دوري القسم الثاني-أ,بترول أسيوط,دكرنس,15:30,1 - 1,2024-03-10
دوري القسم الثاني-أ,مكادي,مصر المقاصة,15:30,4 - 1,2024-03-10
دوري القسم الثاني-أ,جمهورية شبين,أبو قير للاسمدة,15:30,0 - 1,2024-03-10
دوري القسم الثاني-أ,النجوم,المصرية للاتصالات,15:30,1 - 1,2024-03-10
دوري القسم الثاني-أ,النصر للتعدين,أسوان,15:30,1 - 2,2024-03-10
الدوري التركي,قيصري سبور,هاتاي سبور,12:30,1 - 1,2024-03-10
الدوري التركي,إسطنبول سبور,قاسم باشا,15:00,1 - 2,2024-03-10
الدوري التركي,سامسون سبور,أنقرة جوتشو,15:00,2 - 1,2024-03-10
الدوري التركي,فنربخشة,بينديكسبور,18:00,4 - 1,2024-03-10
الدوري التونسي,الملعب التونسي,الصفاقســــي,15:30,0 - 0,2024-03-10
الدوري التونسي,النجم الساحلى,الترجى الرياضي,15:30,0 - 1,2024-03-10
الدوري التونسي,إتحاد بن قردان,الأولمبي الباجي,15:30,0 - 1,2024-03-10
الدوري التونسي,سليمان الرياضي,اتحاد تطاوين,15:30,1 - 3,2024-03-10
الدوري البرتغالي,أروكا,سبورتينج لشبونة,20:00,0 - 3,2024-03-10
الدوري البرتغالي,بنفيكا,إستوريل,22:30,3 - 1,2024-03-10
دوري نجوم قطر,العربي,السد القطري,19:30,2 - 2,2024-03-10
دوري نجوم قطر,الوكرة,الدحيل,19:30,2 - 1,2024-03-10
الدوري المصري,الاتحاد السكندري,مودرن فيوتشر,21:30,0 - 0,2024-03-11
الدوري الإنجليزي,تشيلسي,نيوكاسل,22:00,3 - 2,2024-03-11
الدوري الإسباني,الميريا,اشبيلية,22:00,2 - 2,2024-03-11
دوري أبطال آسيا,النصر,العين,21:00,4 - 3,2024-03-11
الدوري الإيطالي,لاتسيو,أودينيزي,21:45,1 - 2,2024-03-11
الدوري التركي,غازي عنتاب بي.بي.كي,بشكتاش,19:30,2 - 0,2024-03-11
الدوري البرتغالي,جل فيسنتي,شافيش,22:15,0 - 0,2024-03-11
دوري نجوم قطر,معيذر,الغرافة,20:30,0 - 2,2024-03-11
دوري نجوم قطر,الشمال,المرخية الرياضي,20:30,2 - 0,2024-03-11
الدوري المصري,الجونة,الزمالك,21:30,3 - 2,2024-03-12
الدوري المصري,البنك الاهلي,الأهلي,21:30,4 - 3,2024-03-12
الدوري المصري,زد,المصري,21:30,2 - 2,2024-03-12
دوري أبطال أوروبا,برشلونة,نابولي,22:00,3 - 1,2024-03-12
دوري أبطال أوروبا,أرسنال,بورتو,22:00,1 - 0,2024-03-12
دوري أبطال آسيا,أولسان هيونداي,تشونبك هيونداي,12:00,1 - 0,2024-03-12
دوري أبطال آسيا,الاتحاد,الهلال,21:00,0 - 2,2024-03-12
الدوري الأفريقي لكرة السلة,كيب تاون تايجرز,نادي الفتح الرياضي,19:00,58 - 84,2024-03-12
الدوري المغربي,الوداد البيضاوي,اتحاد طنجة,23:00,0 - 2,2024-03-12
كأس ألمانيا,ساربروكن,مونشنجلادباخ,21:30,2 - 1,2024-03-12
دوري نجوم قطر,نادي قطر,الأهلي القطري,20:30,1 - 3,2024-03-12
دوري نجوم قطر,الريان,ام صلال,20:30,2 - 2,2024-03-12
الدوري الإنجليزي,بورنموث,لوتون تاون,21:30,4 - 3,2024-03-13
دوري أبطال أوروبا,بروسيا دورتموند,إيندهوفن,22:00,2 - 0,2024-03-13
دوري أبطال أوروبا,اتلتيكو مدريد,إنتر ميلان,22:00,2 - 1,2024-03-13
دوري أبطال آسيا,يوكوهاما مارينوس,شاندونج تايشان,12:00,1 - 0,2024-03-13
كأس فرنسا,باريس سان جيرمان,نيس,22:10,3 - 1,2024-03-13
الدوري المغربي,يوسفية برشيد,نهضة بركان,23:00,0 - 0,2024-03-13
الدوري الإماراتي,بني ياس,الوصل,20:00,0 - 2,2024-03-13
الدوري الإماراتي,حتا,الوحـــدة,20:00,0 - 4,2024-03-13
الدوري الإماراتي,نادي الامارات,خورفكان,20:00,2 - 1,2024-03-13
الدوري الأوروبي,سلافيا براج,ميلان,19:45,1 - 3,2024-03-14
الدوري الأوروبي,فياريال,مارسيليا,19:45,3 - 1,2024-03-14
الدوري الأوروبي,وست هام يونايتد,فرايبورج,19:45,5 - 0,2024-03-14
الدوري الأوروبي,جلاسكو رينجرز,بنفيكا,19:45,0 - 1,2024-03-14
الدوري الأوروبي,ليفربول,سبارتا براج,22:00,6 - 1,2024-03-14
الدوري الأوروبي,باير ليفركوزن,كاراباج اجدام,22:00,3 - 2,2024-03-14
الدوري الأوروبي,برايتون,روما,22:00,1 - 0,2024-03-14
الدوري الأوروبي,أتالانتا,سبورتينج لشبونة,22:00,2 - 1,2024-03-14
الدوري الأفريقي لكرة السلة,نادي الفتح الرياضي,بترو دي لواندا,19:00,86 - 89,2024-03-14
الدوري السعودي,الخليج,الأخدود,21:00,2 - 2,2024-03-14
الدوري السعودي,أبها,الوحدة,21:00,1 - 0,2024-03-14
الدوري السعودي,الحزم,الشباب,21:00,0 - 3,2024-03-14
دوري المؤتمر الأوروبي,باوك سالونيكا,دينامو زغرب,19:45,5 - 1,2024-03-14
دوري المؤتمر الأوروبي,فيورنتينا,مكابي حيفا,19:45,1 - 1,2024-03-14
دوري المؤتمر الأوروبي,فيكتوريا بلزن,سيرفيت جنيف,19:45,0 - 0,2024-03-14
دوري المؤتمر الأوروبي,فنربخشة,سان جيلواز,19:45,0 - 1,2024-03-14
دوري المؤتمر الأوروبي,ليل,شتورم جراتس,22:00,1 - 1,2024-03-14
دوري المؤتمر الأوروبي,أستون فيلا,أياكس امستردام,22:00,4 - 0,2024-03-14
دوري المؤتمر الأوروبي,مكابى تل ابيب,أوليمبياكوس,22:00,1 - 6,2024-03-14
دوري المؤتمر الأوروبي,كلوب بروج,مولده,22:00,3 - 0,2024-03-14
الدوري الإماراتي,شباب الأهلي,البطائح,20:00,2 - 1,2024-03-14
الدوري الإماراتي,الجــزيرة,اتحاد كلباء,20:00,2 - 2,2024-03-14
الدوري الإماراتي,الشــارقة,النصر الإماراتي,20:00,2 - 2,2024-03-14
الدوري الإسباني,ريال سوسيداد,قادش,22:00,2 - 0,2024-03-15
الدوري السعودي,الطــائي,الاتفـــــاق,21:00,1 - 1,2024-03-15
الدوري السعودي,الفيحاء,الرياض,21:00,1 - 1,2024-03-15
الدوري السعودي,أهلي جدة,النصر,21:00,0 - 1,2024-03-15
الدوري الإيطالي,إمبولي,بولونيا,21:45,0 - 1,2024-03-15
الدوري الألماني,كولن,لايبزيج,21:30,1 - 5,2024-03-15
الدوري الفرنسي,تولوز,ليون,22:00,2 - 3,2024-03-15
الدوري المغربي,الاتحاد التوركي,المغرب الفاسي,23:59,1 - 0,2024-03-15
الدوري التركي,بينديكسبور,إسطنبول سبور,19:30,1 - 0,2024-03-15
الدوري التركي,فاتح كاراجومروك,قونيا سبور,19:30,1 - 1,2024-03-15
الدوري البرتغالي,إستوريل,بورتيمونينسي,22:15,1 - 0,2024-03-15
دوري نجوم قطر,السد القطري,معيذر,20:30,4 - 2,2024-03-15
دوري نجوم قطر,الدحيل,الشمال,20:30,3 - 1,2024-03-15
الدوري الإماراتي,عجمان,العين,20:00,0 - 4,2024-03-15
الدوري الإنجليزي,بيرنلي,برينتفورد,17:00,2 - 1,2024-03-16
الدوري الإنجليزي,لوتون تاون,نوتينجهام فورست,17:00,1 - 1,2024-03-16
الدوري الإنجليزي,فولهام,توتنهام هوتسبر,19:30,3 - 0,2024-03-16
كأس الاتحاد الإنجليزي,وولفرهامبتون,كوفنتري سيتي,14:15,2 - 3,2024-03-16
كأس الاتحاد الإنجليزي,مانشستر سيتي,نيوكاسل,19:30,2 - 0,2024-03-16
الدوري الإسباني,مايوركا,غرناطه,15:00,1 - 0,2024-03-16
الدوري الإسباني,أوساسونا,ريال مدريد,17:15,2 - 4,2024-03-16
الدوري الإسباني,خيتافي,جيرونا,19:30,1 - 0,2024-03-16
الدوري الإسباني,أتلتيك بلباو,ألافيس,22:00,2 - 0,2024-03-16
الدوري الأفريقي لكرة السلة,كيب تاون تايجرز,بترو دي لواندا,16:00,84 - 78,2024-03-16
الدوري السعودي,الهلال,ضمك,21:00,2 - 1,2024-03-16
الدوري السعودي,الرائد,التعاون,21:00,0 - 0,2024-03-16
الدوري السعودي,الفتح,الاتحاد,21:00,2 - 4,2024-03-16
الدوري الإيطالي,أودينيزي,تورينو,16:00,0 - 2,2024-03-16
الدوري الإيطالي,مونزا,كالياري,16:00,1 - 0,2024-03-16
الدوري الإيطالي,ساليرنيتانا,ليتشي,19:00,0 - 1,2024-03-16
الدوري الإيطالي,فروزينوني,لاتسيو,21:45,2 - 3,2024-03-16
الدوري الألماني,يونيون برلين,فيردر بريمن,16:30,2 - 1,2024-03-16
الدوري الألماني,دارمشتات,بايرن ميونيخ,16:30,2 - 5,2024-03-16
الدوري الألماني,هايدنهايم,مونشنجلادباخ,16:30,1 - 1,2024-03-16
الدوري الألماني,فولفسبورج,أوجسبورج,16:30,1 - 3,2024-03-16
الدوري الألماني,ماينز,بوخوم,16:30,2 - 0,2024-03-16
الدوري الألماني,هوفنهايم,شتوتجارت,19:30,0 - 3,2024-03-16
الدوري الفرنسي,نانت,ستراسبورج,18:00,1 - 3,2024-03-16
الدوري الفرنسي,لانس,نيس,22:00,1 - 3,2024-03-16
الدوري المغربي,نهضة الزمامرة,شباب المحمدية,23:59,0 - 0,2024-03-16
الدوري المغربي,مولودية وجدة,المغرب التطواني,23:59,0 - 1,2024-03-16
الدوري المغربي,الجيش الملكي,أولمبيك آسفي,23:59,1 - 0,2024-03-16
الدوري المغربي,الرجاء البيضاوي,الشباب الرياضي السالمي,23:59,3 - 1,2024-03-16
الدوري التركي,ألانيا سبور,قيصري سبور,12:30,1 - 0,2024-03-16
الدوري التركي,أنقرة جوتشو,إسطنبول باشاكشهير,15:00,2 - 1,2024-03-16
الدوري التركي,بشكتاش,انطاليا سبور,19:30,1 - 2,2024-03-16
الدوري التركي,أضنة دمير سبور,سيفاسبور,19:30,4 - 1,2024-03-16
الدوري التونسي,الترجى الرياضي,الافريقي التونسي,22:30,1 - 0,2024-03-16
الدوري البرتغالي,فاماليكاو,إستريلا,17:30,0 - 0,2024-03-16
الدوري البرتغالي,فيرنسي,ريو آفي,20:00,1 - 1,2024-03-16
الدوري البرتغالي,سبورتينج براجا,جل فيسنتي,20:00,2 - 1,2024-03-16
الدوري البرتغالي,بورتو,فيزيلا,22:30,4 - 1,2024-03-16
دوري نجوم قطر,ام صلال,الوكرة,20:30,0 - 2,2024-03-16
دوري نجوم قطر,الأهلي القطري,العربي,20:30,1 - 1,2024-03-16
الدوري الإنجليزي,وست هام يونايتد,أستون فيلا,16:00,1 - 1,2024-03-17
كأس الاتحاد الإنجليزي,تشيلسي,ليستر سيتي,14:45,4 - 2,2024-03-17
كأس الاتحاد الإنجليزي,مانشستر يونايتد,ليفربول,17:30,4 - 3,2024-03-17
الدوري الإسباني,اشبيلية,سيلتا فيجو,15:00,1 - 2,2024-03-17
الدوري الإسباني,فياريال,فالنسيا,17:15,1 - 0,2024-03-17
الدوري الإسباني,لاس بالماس,الميريا,17:15,0 - 1,2024-03-17
الدوري الإسباني,رايو فاييكانو,ريال بيتيس,19:30,2 - 0,2024-03-17
الدوري الإسباني,اتلتيكو مدريد,برشلونة,22:00,0 - 3,2024-03-17
الدوري الأفريقي لكرة السلة,نادي الفتح الرياضي,كيب تاون تايجرز,19:00,84 - 75,2024-03-17
الدوري الإيطالي,يوفنتوس,جنوى,13:30,0 - 0,2024-03-17
الدوري الإيطالي,هيلاس فيرونا,ميلان,16:00,1 - 3,2024-03-17
الدوري الإيطالي,روما,ساسولو,19:00,1 - 0,2024-03-17
الدوري الإيطالي,إنتر ميلان,نابولي,21:45,1 - 1,2024-03-17
الدوري الألماني,فرايبورج,باير ليفركوزن,16:30,2 - 3,2024-03-17
الدوري الألماني,بروسيا دورتموند,آ. فرانكفورت,18:30,3 - 1,2024-03-17
الدوري الفرنسي,بريست,ليل,14:00,1 - 1,2024-03-17
الدوري الفرنسي,ريمس,ميتز,16:00,2 - 1,2024-03-17
الدوري الفرنسي,موناكو,لوريان,16:00,2 - 2,2024-03-17
الدوري الفرنسي,كليرمونت,لوهافر,16:00,2 - 1,2024-03-17
الدوري الفرنسي,رين,مارسيليا,18:05,2 - 0,2024-03-17
الدوري الفرنسي,مونبيليه,باريس سان جيرمان,21:45,2 - 6,2024-03-17
الدوري المغربي,يوسفية برشيد,الوداد البيضاوي,23:59,0 - 0,2024-03-17
الدوري المغربي,اتحاد طنجة,حسنية اغادير,23:59,0 - 1,2024-03-17
الدوري المغربي,نهضة بركان,الفتح الرباطي,23:59,2 - 0,2024-03-17
الدوري التركي,ريزه سبور,غازي عنتاب بي.بي.كي,12:30,3 - 1,2024-03-17
الدوري التركي,هاتاي سبور,سامسون سبور,15:00,3 - 0,2024-03-17
الدوري التركي,قاسم باشا,جالاتا سراي,15:00,3 - 4,2024-03-17
الدوري التركي,طرابزون سبور,فنربخشة,19:30,2 - 3,2024-03-17
الدوري التونسي,الملعب التونسي,النجم الساحلى,15:00,1 - 1,2024-03-17
الدوري التونسي,الصفاقســــي,الإتحاد المنستيري,22:30,0 - 1,2024-03-17
الدوري البرتغالي,موريرنسي,أروكا,17:30,1 - 0,2024-03-17
الدوري البرتغالي,شافيش,فيتوريا جيماريش,17:30,1 - 2,2024-03-17
الدوري البرتغالي,كازا بيا,بنفيكا,20:00,0 - 1,2024-03-17
الدوري البرتغالي,سبورتينج لشبونة,بوافيستا,22:30,6 - 1,2024-03-17
دوري نجوم قطر,المرخية الرياضي,نادي قطر,20:30,1 - 2,2024-03-17
دوري نجوم قطر,الغرافة,الريان,20:30,3 - 0,2024-03-17
